weight_ratio,target_threads,contention_threads,target_runtime,contention_runtime
0.5,4,5,108198.797,131391.673
0.5,4,4,119796.102,119814.068
0.5,4,6,105371.848,134209.264
0.5,4,7,108008.483,131575.703
0.5,4,8,118996.983,120594.026
0.5,4,9,114142.014,125452.708
0.5,4,10,109783.901,129825.699
0.5,4,11,102922.569,136697.127
0.5,4,12,104129.108,135488.352
0.5,4,13,114138.395,125485.549
0.5,4,14,113496.393,126121.430
0.5,4,15,101138.280,138476.484
0.5,4,16,96258.526,143355.949
0.5,5,4,130211.769,109416.915
0.5,5,5,119537.405,120085.807
0.5,5,6,115938.309,123684.755
0.5,5,7,110814.051,128831.085
0.5,5,8,107743.573,131878.643
0.5,5,9,121322.354,118296.124
0.5,5,10,112554.379,127065.703
0.5,5,11,122760.090,116860.848
0.5,5,12,120599.879,119021.762
0.5,5,13,97567.677,142050.709
0.5,5,14,118850.716,120768.162
0.5,5,15,103730.088,135886.980
0.5,5,16,98693.967,140916.061
0.5,6,4,131426.065,108198.163
0.5,6,5,117825.914,121795.891
0.5,6,6,113384.578,126236.711
0.5,6,7,128243.756,111378.122
0.5,6,8,97864.139,141756.756
0.5,6,9,123584.833,116033.345
0.5,6,10,117251.445,122369.279
0.5,6,11,120070.510,119551.070
0.5,6,12,113525.896,126098.709
0.5,6,13,119123.668,120489.163
0.5,6,14,120401.022,119209.801
0.5,6,15,108746.225,130863.416
0.5,6,16,122990.084,116620.831
0.5,7,4,129983.306,109638.594
0.5,7,5,119745.574,119881.316
0.5,7,6,111831.544,127815.096
0.5,7,7,120005.899,119617.199
0.5,7,8,121865.071,117756.967
0.5,7,9,111353.595,128266.064
0.5,7,10,118340.590,121269.193
0.5,7,11,124385.468,115233.232
0.5,7,12,112892.837,126730.385
0.5,7,13,119399.668,120209.060
0.5,7,14,117708.509,121894.844
0.5,7,15,100673.524,138944.338
0.5,7,16,111376.904,128235.881
0.5,8,4,119940.549,119689.268
0.5,8,5,120476.108,119141.718
0.5,8,6,119329.170,120291.803
0.5,8,7,127623.693,111997.746
0.5,8,8,119738.284,119881.377
0.5,8,9,118511.103,121101.036
0.5,8,10,116677.510,122923.685
0.5,8,11,119188.201,120422.117
0.5,8,12,118550.680,121068.575
0.5,8,13,119642.585,119969.614
0.5,8,14,122096.859,117513.792
0.5,8,15,114143.006,125469.946
0.5,8,16,119797.392,119817.605
0.5,9,4,126736.655,112886.213
0.5,9,5,118059.612,121547.633
0.5,9,6,115466.970,124125.418
0.5,9,7,121441.058,118157.089
0.5,9,8,121752.939,117837.534
0.5,9,9,120330.326,119253.706
0.5,9,10,119810.178,119778.015
0.5,9,11,122204.047,117387.468
0.5,9,12,122033.869,117560.536
0.5,9,13,119163.821,120428.210
0.5,9,14,121453.866,118144.454
0.5,9,15,121294.120,118300.365
0.5,9,16,120746.425,118847.682
0.5,10,4,131459.995,108144.748
0.5,10,5,123010.634,116593.683
0.5,10,6,121794.668,117805.548
0.5,10,7,121081.988,118521.706
0.5,10,8,122584.468,117012.155
0.5,10,9,119520.080,120070.576
0.5,10,10,119793.458,119806.082
0.5,10,11,121328.591,118270.897
0.5,10,12,122672.861,116928.179
0.5,10,13,118909.884,120691.878
0.5,10,14,118022.672,121580.890
0.5,10,15,118734.882,120869.915
0.5,10,16,119093.737,120506.927
0.5,11,4,125822.982,113789.661
0.5,11,5,115461.087,124139.664
0.5,11,6,115829.085,123780.042
0.5,11,7,117180.778,122425.935
0.5,11,8,121199.287,118403.455
0.5,11,9,118566.733,121035.172
0.5,11,10,115630.350,123974.980
0.5,11,11,121976.484,117620.373
0.5,11,12,122481.061,117145.066
0.5,11,13,118880.379,120725.637
0.5,11,14,117130.503,122494.865
0.5,11,15,119452.772,120154.278
0.5,11,16,120779.022,118831.571
0.5,12,4,120930.741,118505.120
0.5,12,5,118067.869,121479.461
0.5,12,6,119835.516,119701.235
0.5,12,7,118697.660,120903.123
0.5,12,8,120365.586,119166.014
0.5,12,9,116434.469,123116.389
0.5,12,10,119305.599,120257.068
0.5,12,11,119704.158,119814.917
0.5,12,12,119782.624,119780.790
0.5,12,13,118740.317,120775.864
0.5,12,14,118644.348,120898.414
0.5,12,15,119431.938,120130.870
0.5,12,16,120000.507,119516.843
0.5,13,4,157949.069,81597.131
0.5,13,5,118691.494,120850.741
0.5,13,6,120341.745,119170.134
0.5,13,7,119557.739,119964.164
0.5,13,8,121217.230,118356.390
0.5,13,9,118114.189,121422.140
0.5,13,10,127080.435,112526.296
0.5,13,11,120613.922,119006.580
0.5,13,12,122845.888,116792.022
0.5,13,13,119841.950,119736.301
0.5,13,14,121634.743,117964.466
0.5,13,15,120906.232,118699.625
0.5,13,16,124320.813,115304.283
0.5,14,4,159616.938,80000.610
0.5,14,5,121688.211,117906.719
0.5,14,6,121612.773,117987.056
0.5,14,7,119243.181,120354.305
0.5,14,8,121220.240,118388.151
0.5,14,9,120514.652,119082.407
0.5,14,10,121552.022,118051.131
0.5,14,11,122247.839,117352.267
0.5,14,12,122348.789,117246.364
0.5,14,13,118529.294,121071.313
0.5,14,14,119832.923,119768.114
0.5,14,15,122946.961,116654.406
0.5,14,16,121492.367,118113.354
0.1875,2,7,50093.310,189524.905
0.1875,2,8,45822.664,193804.913
0.1875,2,9,44248.096,195359.970
0.1875,2,10,26044.756,213569.307
0.1875,2,11,47709.152,191907.867
0.1875,2,12,45835.808,193785.253
0.1875,2,13,29930.501,209684.733
0.1875,2,14,26739.230,212875.342
0.1875,2,15,43511.232,196117.468
0.1875,2,16,37408.152,202193.219
0.1875,2,17,39789.050,199819.413
0.1875,2,18,32583.930,207017.290
0.1875,3,7,52546.515,187064.707
0.1875,3,8,46386.100,193243.760
0.1875,3,9,42800.494,196816.235
0.1875,3,10,39525.434,200140.246
0.1875,3,11,38442.787,201188.506
0.1875,3,12,41880.447,197779.322
0.1875,3,13,38518.384,201145.740
0.1875,3,14,43910.535,195733.385
0.1875,3,15,43019.098,196610.197
0.1875,3,16,43769.180,195856.061
0.1875,3,17,45649.272,193982.630
0.1875,3,18,45677.819,193954.384
0.1875,4,7,53960.371,185675.146
0.1875,4,8,38857.184,200773.276
0.1875,4,9,40905.745,198726.110
0.1875,4,10,28771.576,210850.599
0.1875,4,11,42077.283,197546.893
0.1875,4,12,28775.083,210850.740
0.1875,4,13,36208.290,203415.492
0.1875,4,14,45669.180,193945.726
0.1875,4,15,43896.387,195713.906
0.1875,4,16,41170.563,198449.087
0.1875,4,17,41096.517,198514.873
0.1875,4,18,35092.428,204511.867
0.1875,5,7,50145.109,189475.399
0.1875,5,8,40505.648,199119.216
0.1875,5,9,41449.814,198171.863
0.1875,5,10,37373.887,202244.792
0.1875,5,11,41955.744,197662.919
0.1875,5,12,39221.556,200399.883
0.1875,5,13,45265.400,194356.620
0.1875,5,14,40317.526,199300.000
0.1875,5,15,42908.872,196684.999
0.1875,5,16,41284.416,198309.268
0.1875,5,17,42857.602,196735.960
0.1875,5,18,38744.478,200852.206
0.1875,6,7,47602.618,192007.930
0.1875,6,8,43312.810,196293.826
0.1875,6,9,42877.740,196751.767
0.1875,6,10,39095.553,200507.964
0.1875,6,11,39222.488,200386.642
0.1875,6,12,39704.893,199902.822
0.1875,6,13,38515.481,201113.147
0.1875,6,14,44248.258,195351.652
0.1875,6,15,43443.579,196165.306
0.1875,6,16,42620.970,196987.345
0.1875,6,17,44485.946,195122.541
0.1875,6,18,41008.473,198601.780
0.1875,7,7,46822.549,192793.365
0.1875,7,8,43722.949,195896.018
0.1875,7,9,42476.438,197133.680
0.1875,7,10,39448.324,200164.464
0.1875,7,11,44148.977,195464.902
0.1875,7,12,46835.072,192779.479
0.1875,7,13,44755.403,194861.910
0.1875,7,14,43681.501,195924.207
0.1875,7,15,44480.867,195124.844
0.1875,7,16,43573.059,196036.142
0.1875,7,17,45818.333,193792.946
0.1875,7,18,43916.764,195696.155
0.1875,8,7,45210.648,194409.155
0.1875,8,8,44895.766,194743.461
0.1875,8,9,42644.372,196969.072
0.1875,8,10,44309.762,195294.114
0.1875,8,11,42013.079,197600.054
0.1875,8,12,44666.823,194944.643
0.1875,8,13,42065.190,197545.880
0.1875,8,14,45046.931,194562.592
0.1875,8,15,43667.559,195940.792
0.1875,8,16,44831.691,194775.933
0.1875,8,17,41540.100,198062.404
0.1875,8,18,44938.592,194672.396
0.1875,9,7,48066.274,191548.221
0.1875,9,8,43889.707,195732.922
0.1875,9,9,42297.292,197327.019
0.1875,9,10,43552.338,196059.610
0.1875,9,11,41873.664,197738.430
0.1875,9,12,43693.538,195918.535
0.1875,9,13,46023.367,193588.974
0.1875,9,14,44938.024,194672.811
0.1875,9,15,44992.349,194620.867
0.1875,9,16,44112.392,195494.848
0.1875,9,17,42859.420,196610.389
0.1875,9,18,44298.929,195309.783
0.1875,10,7,46385.853,193234.309
0.1875,10,8,43982.248,195642.386
0.1875,10,9,42987.120,196629.902
0.1875,10,10,38864.391,200751.189
0.1875,10,11,41254.140,198360.783
0.1875,10,12,45798.214,193822.445
0.1875,10,13,44657.327,194968.209
0.1875,10,14,44749.886,194866.683
0.1875,10,15,44728.460,194885.362
0.1875,10,16,43931.517,195688.684
0.1875,10,17,43417.748,196200.123
0.1875,10,18,44248.924,195365.671
0.1875,11,7,45572.419,194055.623
0.1875,11,8,43970.001,195659.791
0.1875,11,9,42364.911,197248.957
0.1875,11,10,39059.775,200555.908
0.1875,11,11,41372.223,198242.212
0.1875,11,12,46664.928,192951.504
0.1875,11,13,46142.129,193474.850
0.1875,11,14,45487.257,194127.161
0.1875,11,15,43990.435,195631.453
0.1875,11,16,43816.387,195802.416
0.1875,11,17,43651.619,195962.313
0.1875,11,18,45058.479,194558.120
0.1875,12,7,47510.540,192110.119
0.1875,12,8,44185.334,195439.898
0.1875,12,9,43195.370,196430.821
0.1875,12,10,37868.659,201745.170
0.1875,12,11,41391.918,198229.870
0.1875,12,12,44458.236,195161.975
0.1875,12,13,47181.243,192437.403
0.1875,12,14,44921.563,194692.778
0.1875,12,15,45241.497,194376.432
0.1875,12,16,43828.489,195785.027
0.1875,12,17,44683.025,194866.722
0.1875,12,18,44370.017,195240.995
