scheduler,time,handshakes_completed
weighted,5.0011,3180
weighted,10.0014,3225
weighted,15.0014,3222
weighted,20.0006,3196
weighted,25.0013,3214
weighted,30.0004,3216
weighted,35.0007,3230
weighted,40.0006,3243
weighted,45.0016,3381
weighted,50.0005,3314
weighted,55.0002,3383
weighted,60.0004,3215
weighted,65.0016,2334
weighted,70.0008,2679
weighted,75.0001,2946
weighted,80.0002,3267
weighted,85.0007,3243
weighted,90.0012,3256
weighted,95.0005,3277
weighted,100.0005,3209
weighted,105.0011,3246
weighted,110.0014,3219
weighted,115.0010,3101
weighted,120.0009,3267
weighted,125.0001,3251
weighted,130.0011,3246
weighted,135.0001,3291
weighted,140.0002,3270
weighted,145.0010,3228
weighted,150.0008,3240
weighted,155.0007,3198
weighted,160.0010,3178
weighted,165.0006,3172
weighted,170.0006,3160
weighted,175.0001,3199
weighted,180.0016,3184
weighted,185.0017,3098
weighted,190.0011,3031
weighted,195.0023,3105
weighted,200.0005,3041
weighted,205.0010,3014
weighted,210.0007,3028
weighted,215.0007,3068
weighted,220.0004,3084
weighted,225.0010,3102
weighted,230.0004,3056
weighted,235.0010,3005
weighted,240.0002,3000
weighted,245.0005,3105
weighted,250.0006,2876
weighted,255.0007,2819
weighted,260.0012,3070
weighted,265.0014,2913
weighted,270.0004,2909
weighted,275.0004,2827
weighted,280.0010,2883
weighted,285.0010,3161
weighted,290.0003,3143
weighted,295.0011,3144
weighted,300.0002,3042
weighted,305.0007,2854
weighted,310.0012,3125
weighted,315.0009,3091
weighted,320.0006,2860
weighted,325.0005,3121
weighted,330.0002,3139
weighted,335.0007,2977
weighted,340.0005,2853
weighted,345.0004,2756
weighted,350.0013,3206
weighted,355.0004,3208
weighted,360.0012,3113
weighted,365.0016,3157
weighted,370.0013,3162
weighted,375.0011,3012
weighted,380.0003,3027
weighted,385.0008,3084
weighted,390.0007,3062
weighted,395.0015,3124
weighted,400.0019,3091
weighted,405.0001,3081
weighted,410.0010,2769
weighted,415.0013,3090
weighted,420.0005,3044
weighted,425.0012,3063
weighted,430.0015,3062
weighted,435.0006,3023
weighted,440.0004,3048
weighted,445.0015,3091
weighted,450.0005,3099
weighted,455.0011,3066
weighted,460.0016,3020
weighted,465.0011,3055
weighted,470.0011,3078
weighted,475.0022,3044
weighted,480.0005,2803
weighted,485.0009,2674
weighted,490.0017,2841
weighted,495.0023,2832
weighted,500.0013,2949
weighted,505.0015,2810
weighted,510.0010,3062
weighted,515.0006,3016
weighted,520.0011,3062
weighted,525.0006,3047
weighted,530.0002,3061
weighted,535.0008,3081
weighted,540.0003,3037
weighted,545.0003,3023
weighted,550.0037,2954
weighted,555.0012,2782
weighted,560.0005,2843
weighted,565.0005,2755
weighted,570.0005,2825
weighted,575.0023,2867
weighted,580.0015,2846
weighted,585.0018,2837
weighted,590.0011,3091
weighted,595.0004,3079
weighted,600.0003,3015
weighted,605.0009,3085
weighted,610.0009,3024
weighted,615.0006,3036
weighted,620.0003,2971
weighted,625.0015,2880
weighted,630.0011,2678
weighted,635.0004,2793
weighted,640.0007,2765
weighted,645.0015,2589
weighted,650.0016,2636
weighted,655.0007,3108
weighted,660.0013,3025
weighted,665.0010,2836
weighted,670.0007,3088
weighted,675.0011,3114
weighted,680.0013,3009
weighted,685.0022,3025
weighted,690.0016,3085
weighted,695.0010,2760
weighted,700.0011,2831
weighted,705.0004,2603
weighted,710.0001,2899
weighted,715.0056,2702
weighted,720.0009,2940
weighted,725.0003,3202
weighted,730.0006,3205
weighted,735.0002,3173
weighted,740.0004,3048
weighted,745.0004,2906
weighted,750.0014,3021
weighted,755.0005,3178
weighted,760.0010,3128
weighted,765.0004,2927
weighted,770.0009,2630
weighted,775.0008,2654
weighted,780.0063,2922
weighted,785.0012,2919
weighted,790.0003,3006
weighted,795.0017,3064
weighted,800.0005,3093
weighted,805.0006,3020
weighted,810.0007,3047
weighted,815.0008,3077
weighted,820.0007,2980
weighted,825.0009,2889
weighted,830.0013,2688
weighted,835.0010,2659
weighted,840.0008,2670
weighted,845.0022,3009
weighted,850.0009,2764
weighted,855.0003,2973
weighted,860.0001,3064
weighted,865.0015,3138
weighted,870.0007,3084
weighted,875.0018,3121
weighted,880.0021,3190
weighted,885.0003,3075
weighted,890.0010,3015
weighted,895.0001,3014
weighted,900.0006,2916
weighted,905.0005,3069
weighted,910.0006,2853
weighted,915.0028,2833
weighted,920.0011,2623
weighted,925.0008,2946
weighted,930.0008,3114
weighted,935.0004,3005
weighted,940.0048,2931
weighted,945.0004,2965
weighted,950.0008,3090
weighted,955.0009,3184
weighted,960.0011,3201
weighted,965.0016,3187
weighted,970.0004,3147
weighted,975.0010,2985
weighted,980.0054,2664
weighted,985.0056,2506
weighted,990.0002,2876
weighted,995.0009,3174
weighted,1000.0015,2918
weighted,1005.0001,3184
weighted,1010.0015,3219
weighted,1015.0002,3175
weighted,1020.0003,3089
weighted,1025.0049,2849
weighted,1030.0019,2392
weighted,1035.0007,3040
weighted,1040.0010,3144
weighted,1045.0013,2769
weighted,1050.0030,2703
weighted,1055.0031,2721
weighted,1060.0007,3092
weighted,1065.0017,3136
weighted,1070.0005,3144
weighted,1075.0014,3187
weighted,1080.0013,3253
weighted,1085.0008,3265
weighted,1090.0008,3249
weighted,1095.0021,3278
weighted,1100.0002,3286
weighted,1105.0004,3210
weighted,1110.0017,3172
weighted,1115.0002,3197
weighted,1120.0012,3182
weighted,1125.0007,3148
weighted,1130.0010,3172
weighted,1135.0004,3204
weighted,1140.0014,3240
weighted,1145.0006,3216
weighted,1150.0018,3109
weighted,1155.0011,2811
weighted,1160.0009,3104
weighted,1165.0010,3188
weighted,1170.0012,3153
weighted,1175.0010,3245
weighted,1180.0003,3228
weighted,1185.0013,3186
weighted,1190.0016,3160
weighted,1195.0003,3201
weighted,1200.0003,3178
weighted,1205.0004,3255
weighted,1210.0003,3199
weighted,1215.0020,3239
weighted,1220.0009,3167
weighted,1225.0009,3151
weighted,1230.0003,3205
weighted,1235.0015,3200
weighted,1240.0012,3220
weighted,1245.0012,3036
weighted,1250.0003,3233
weighted,1255.0003,2933
weighted,1260.0005,3083
