time,system,cpu,mem_used,disk_r_ops_rate,disk_w_ops_rate,disk_r_bytes_rate,disk_w_bytes_rate,net_sent_pps,net_recv_pps,net_sent_bps,net_recv_bps
0,systemwide,2.3,1529724928,0.0,0.6666666666666666,0.0,9557.333333333334,7.0,8.666666666666666,2888.3333333333335,2504.0
0,video_trancoder,0.18373333333333333,30461952,0.0,0.0,0.0,0.0,7.0,8.666666666666666,2888.3333333333335,2504.0
3,systemwide,54.699999999999996,1651642368,0.0,0.3333333333333333,0.0,4096.0,16.333333333333332,40.333333333333336,33239.333333333336,91575.0
3,video_trancoder,55.592666666666666,171323392,0.0,0.0,0.0,0.0,16.333333333333332,29.0,33239.333333333336,90827.0
6,systemwide,238.7,1545719808,0.0,0.6666666666666666,0.0,9557.333333333334,4.666666666666667,6.0,53665.666666666664,1328.6666666666667
6,video_trancoder,240.17213333333333,30814208,0.0,0.0,0.0,0.0,4.666666666666667,6.0,53665.666666666664,1328.6666666666667
9,systemwide,352.9,1848950784,0.0,11.333333333333334,0.0,47786.666666666664,72.66666666666667,159.33333333333334,4796.0,853836.0
9,video_trancoder,353.824,375955456,0.0,0.0,0.0,0.0,72.66666666666667,110.0,4796.0,850580.0
12,systemwide,527.0,1849180160,0.0,0.6666666666666666,0.0,5461.333333333333,0.0,0.0,0.0,0.0
12,video_trancoder,528.9760666666667,376512512,0.0,0.0,0.0,0.0,0.0,0.0,0.0,0.0
15,systemwide,533.3,1849663488,0.0,0.0,0.0,0.0,0.0,0.0,0.0,0.0
15,video_trancoder,536.5401,376127488,0.0,0.0,0.0,0.0,0.0,0.0,0.0,0.0
18,systemwide,316.6,1887604736,0.0,4.333333333333333,0.0,20480.0,47.0,113.0,153565.0,821441.6666666666
18,video_trancoder,317.78270000000003,350564352,0.0,0.0,0.0,0.0,47.0,78.0,153565.0,819131.6666666666
21,systemwide,558.5,1894424576,0.0,0.0,0.0,0.0,0.0,0.0,0.0,0.0
21,video_trancoder,560.0530666666667,376627200,0.0,0.0,0.0,0.0,0.0,0.0,0.0,0.0
24,systemwide,622.9,1878396928,0.0,0.6666666666666666,0.0,5461.333333333333,0.0,0.0,0.0,0.0
24,video_trancoder,624.7841333333333,376860672,0.0,0.0,0.0,0.0,0.0,0.0,0.0,0.0
27,systemwide,611.4,1862782976,0.0,0.0,0.0,0.0,0.0,0.0,0.0,0.0
27,video_trancoder,612.2673666666667,376442880,0.0,0.0,0.0,0.0,0.0,0.0,0.0,0.0
30,systemwide,424.6,1565552640,0.0,0.6666666666666666,0.0,6826.666666666667,6.666666666666667,5.666666666666667,254214.66666666666,564.6666666666666
30,video_trancoder,424.95340000000004,32083968,0.0,0.0,0.0,0.0,5.333333333333333,5.666666666666667,254126.66666666666,564.6666666666666
33,systemwide,0.6,1555853312,0.0,1.0,0.0,8192.0,0.0,0.0,0.0,0.0
33,video_trancoder,0.0,31682560,0.0,0.0,0.0,0.0,0.0,0.0,0.0,0.0
36,systemwide,1.9,1550008320,0.0,0.6666666666666666,0.0,10922.666666666666,0.3333333333333333,0.3333333333333333,14.0,14.0
36,video_trancoder,0.0,31182848,0.0,0.0,0.0,0.0,0.3333333333333333,0.3333333333333333,14.0,14.0
39,systemwide,4.2,1554919424,0.0,0.0,0.0,0.0,0.0,0.0,0.0,0.0
39,video_trancoder,0.0,30461952,0.0,0.0,0.0,0.0,0.0,0.0,0.0,0.0
42,systemwide,4.2,1551687680,0.0,0.6666666666666666,0.0,9557.333333333334,0.0,0.0,0.0,0.0
42,video_trancoder,0.0,29519872,0.0,0.0,0.0,0.0,0.0,0.0,0.0,0.0
45,systemwide,1.5999999999999999,1545011200,0.0,0.0,0.0,0.0,0.0,0.0,0.0,0.0
45,video_trancoder,0.0,29519872,0.0,0.0,0.0,0.0,0.0,0.0,0.0,0.0
48,systemwide,1.9,1539817472,0.0,4.0,0.0,17749.333333333332,0.0,0.0,0.0,0.0
48,video_trancoder,0.0,29519872,0.0,0.0,0.0,0.0,0.0,0.0,0.0,0.0
51,systemwide,1.5,1536122880,0.0,0.0,0.0,0.0,0.0,0.0,0.0,0.0
51,video_trancoder,0.0,29519872,0.0,0.0,0.0,0.0,0.0,0.0,0.0,0.0
54,systemwide,1.5,1532076032,0.0,0.6666666666666666,0.0,8192.0,0.0,0.0,0.0,0.0
54,video_trancoder,0.0,29519872,0.0,0.0,0.0,0.0,0.0,0.0,0.0,0.0
57,systemwide,0.8999999999999999,1530998784,0.0,0.0,0.0,0.0,0.0,0.0,0.0,0.0
57,video_trancoder,0.0,29519872,0.0,0.0,0.0,0.0,0.0,0.0,0.0,0.0
60,systemwide,0.6,1530056704,0.0,0.6666666666666666,0.0,4096.0,0.0,0.0,0.0,0.0
60,video_trancoder,0.0,29519872,0.0,0.0,0.0,0.0,0.0,0.0,0.0,0.0
63,systemwide,0.3,1529565184,0.0,0.0,0.0,0.0,0.0,0.0,0.0,0.0
63,video_trancoder,0.0,29519872,0.0,0.0,0.0,0.0,0.0,0.0,0.0,0.0
66,systemwide,0.6,1528127488,0.0,1.0,0.0,12288.0,0.6666666666666666,1.0,162.0,209.66666666666666
66,video_trancoder,0.008433333333333333,29782016,0.0,0.0,0.0,0.0,0.6666666666666666,1.0,162.0,209.66666666666666
69,systemwide,343.2,1859440640,0.0,21.0,0.0,94208.0,49.666666666666664,158.33333333333334,3278.0,903563.6666666666
69,video_trancoder,343.0024,375951360,0.0,0.0,0.0,0.0,49.666666666666664,85.0,3278.0,898723.6666666666
72,systemwide,587.1,1859956736,0.0,0.6666666666666666,0.0,5461.333333333333,0.6666666666666666,0.6666666666666666,28.0,28.0
72,video_trancoder,588.3173333333333,377106432,0.0,0.0,0.0,0.0,0.6666666666666666,0.6666666666666666,28.0,28.0
75,systemwide,615.5,1860186112,0.0,0.0,0.0,0.0,0.0,0.0,0.0,0.0
75,video_trancoder,616.8004666666667,376832000,0.0,0.0,0.0,0.0,0.0,0.0,0.0,0.0
78,systemwide,613.9,1860673536,0.0,0.6666666666666666,0.0,4096.0,0.0,0.0,0.0,0.0
78,video_trancoder,613.9659333333333,377159680,0.0,0.0,0.0,0.0,0.0,0.0,0.0,0.0
81,systemwide,568.4,1850331136,0.0,0.0,0.0,0.0,0.0,0.0,0.0,0.0
81,video_trancoder,569.2055333333334,365916160,0.0,0.0,0.0,0.0,0.0,0.0,0.0,0.0
84,systemwide,346.09999999999997,1854971904,0.0,3.0,0.0,15018.666666666666,87.33333333333333,180.0,353216.6666666667,651947.0
84,video_trancoder,346.5111,351727616,0.0,0.0,0.0,0.0,84.66666666666667,119.66666666666667,353040.6666666667,647965.0
87,systemwide,599.9,1870270464,0.0,0.0,0.0,0.0,0.0,0.0,0.0,0.0
87,video_trancoder,600.2333,378277888,0.0,0.0,0.0,0.0,0.0,0.0,0.0,0.0
90,systemwide,595.4,1867563008,0.0,0.6666666666666666,0.0,4096.0,0.0,0.0,0.0,0.0
90,video_trancoder,595.7929,377851904,0.0,0.0,0.0,0.0,0.0,0.0,0.0,0.0
93,systemwide,610.1,1868308480,0.0,0.0,0.0,0.0,0.3333333333333333,0.3333333333333333,22.0,22.0
93,video_trancoder,612.4541333333333,379101184,0.0,0.0,0.0,0.0,0.3333333333333333,0.3333333333333333,22.0,22.0
96,systemwide,391.6,1542844416,0.0,0.6666666666666666,0.0,5461.333333333333,27.666666666666668,58.0,223775.66666666666,251805.33333333334
96,video_trancoder,392.4088,33419264,0.0,0.0,0.0,0.0,27.666666666666668,46.666666666666664,223775.66666666666,251057.33333333334
99,systemwide,476.3,1892827136,0.0,0.6666666666666666,0.0,5461.333333333333,33.333333333333336,97.66666666666667,2200.0,580566.0
99,video_trancoder,475.29823333333337,380444672,0.0,0.0,0.0,0.0,33.333333333333336,59.666666666666664,2200.0,578058.0
102,systemwide,559.5,1882501120,0.0,0.6666666666666666,0.0,15018.666666666666,0.3333333333333333,0.3333333333333333,14.0,14.0
102,video_trancoder,558.2421333333333,379289600,0.0,0.0,0.0,0.0,0.3333333333333333,0.3333333333333333,14.0,14.0
105,systemwide,533.8,1879396352,0.0,0.0,0.0,0.0,0.0,0.0,0.0,0.0
105,video_trancoder,534.8222999999999,368545792,0.0,0.0,0.0,0.0,0.0,0.0,0.0,0.0
108,systemwide,332.7,1890394112,0.0,0.6666666666666666,0.0,6826.666666666667,64.0,109.66666666666667,151108.0,748218.3333333334
108,video_trancoder,334.6724,373821440,0.0,0.0,0.0,0.0,64.0,81.66666666666667,151108.0,746370.3333333334
111,systemwide,589.4,1899651072,0.0,0.0,0.0,0.0,0.0,0.0,0.0,0.0
111,video_trancoder,590.263,379842560,0.0,0.0,0.0,0.0,0.0,0.0,0.0,0.0
114,systemwide,538.4,1894203392,0.0,0.6666666666666666,0.0,8192.0,0.3333333333333333,0.3333333333333333,14.0,14.0
114,video_trancoder,538.6599333333334,379838464,0.0,0.0,0.0,0.0,0.3333333333333333,0.3333333333333333,14.0,14.0
117,systemwide,581.2,1884205056,0.0,0.0,0.0,0.0,0.0,0.0,0.0,0.0
117,video_trancoder,583.6591333333333,369070080,0.0,0.0,0.0,0.0,0.0,0.0,0.0,0.0
120,systemwide,191.1,1549950976,0.0,4.0,0.0,19114.666666666668,6.333333333333333,3.6666666666666665,196080.66666666666,416.6666666666667
120,video_trancoder,189.9718333333333,37232640,0.0,0.0,0.0,0.0,3.6666666666666665,3.6666666666666665,195904.66666666666,416.6666666666667
123,systemwide,0.6,1545465856,0.0,0.0,0.0,0.0,0.0,0.0,0.0,0.0
123,video_trancoder,0.0,37232640,0.0,0.0,0.0,0.0,0.0,0.0,0.0,0.0
126,systemwide,1.2,1538609152,0.0,0.6666666666666666,0.0,4096.0,0.3333333333333333,0.3333333333333333,14.0,14.0
126,video_trancoder,0.0,36675584,0.0,0.0,0.0,0.0,0.3333333333333333,0.3333333333333333,14.0,14.0
129,systemwide,1.7,1535860736,0.0,25.666666666666668,0.0,114688.0,0.6666666666666666,0.6666666666666666,162.0,187.66666666666666
129,video_trancoder,0.010566666666666667,36294656,0.0,0.0,0.0,0.0,0.6666666666666666,0.6666666666666666,162.0,187.66666666666666
132,systemwide,323.8,1860894720,0.0,0.6666666666666666,0.0,17749.333333333332,54.666666666666664,107.33333333333333,3608.0,839999.6666666666
132,video_trancoder,325.14366666666666,381403136,0.0,0.0,0.0,0.0,54.666666666666664,70.66666666666667,3608.0,837579.6666666666
135,systemwide,591.5,1860562944,0.0,0.3333333333333333,0.0,4096.0,0.0,0.0,0.0,0.0
135,video_trancoder,593.5958333333333,381296640,0.0,0.0,0.0,0.0,0.0,0.0,0.0,0.0
138,systemwide,522.9,1860268032,0.0,1.0,0.0,16384.0,0.0,0.0,0.0,0.0
138,video_trancoder,524.7963333333333,381706240,0.0,0.0,0.0,0.0,0.0,0.0,0.0,0.0
141,systemwide,305.5,1748017152,0.0,0.0,0.0,0.0,49.666666666666664,114.0,150789.33333333334,731160.0
141,video_trancoder,306.2219,265338880,0.0,0.0,0.0,0.0,49.666666666666664,90.0,150789.33333333334,729576.0
144,systemwide,502.9,1850433536,0.0,0.6666666666666666,0.0,6826.666666666667,0.0,0.0,0.0,0.0
144,video_trancoder,505.76326666666665,379830272,0.0,0.0,0.0,0.0,0.0,0.0,0.0,0.0
147,systemwide,565.3,1850687488,0.0,0.0,0.0,0.0,0.0,0.0,0.0,0.0
147,video_trancoder,567.6607666666666,379494400,0.0,0.0,0.0,0.0,0.0,0.0,0.0,0.0
150,systemwide,295.9,1877565440,0.0,0.6666666666666666,0.0,5461.333333333333,46.0,128.66666666666666,102121.33333333333,843563.0
150,video_trancoder,298.5520333333333,368414720,0.0,0.0,0.0,0.0,46.0,81.33333333333333,102121.33333333333,840439.0
153,systemwide,521.6,1883701248,0.0,0.0,0.0,0.0,0.0,0.0,0.0,0.0
153,video_trancoder,524.5743333333334,381440000,0.0,0.0,0.0,0.0,0.0,0.0,0.0,0.0
156,systemwide,542.3,1880051712,0.0,5.333333333333333,0.0,23210.666666666668,0.6666666666666666,0.6666666666666666,28.0,28.0
156,video_trancoder,545.7788666666667,381415424,0.0,0.0,0.0,0.0,0.6666666666666666,0.6666666666666666,28.0,28.0
159,systemwide,347.5,1571184640,0.0,0.0,0.0,0.0,23.666666666666668,67.33333333333333,92850.66666666667,246987.66666666666
159,video_trancoder,346.0643333333333,37335040,0.0,0.0,0.0,0.0,23.666666666666668,44.0,92850.66666666667,245447.66666666666
162,systemwide,479.8,1903456256,0.0,1.0,0.0,19114.666666666668,29.666666666666668,80.66666666666667,1958.0,511609.3333333333
162,video_trancoder,477.7187333333333,380555264,0.0,0.0,0.0,0.0,29.666666666666668,54.0,1958.0,509849.3333333333
165,systemwide,517.5,1896960000,0.0,0.0,0.0,0.0,0.0,0.0,0.0,0.0
165,video_trancoder,518.8512333333333,381874176,0.0,0.0,0.0,0.0,0.0,0.0,0.0,0.0
168,systemwide,524.9,1568391168,0.0,0.6666666666666666,0.0,5461.333333333333,2.6666666666666665,2.0,127232.66666666667,132.0
168,video_trancoder,525.9969,37376000,0.0,0.0,0.0,0.0,2.6666666666666665,2.0,127232.66666666667,132.0
171,systemwide,0.7,1568391168,0.0,0.3333333333333333,0.0,2730.6666666666665,0.0,0.0,0.0,0.0
171,video_trancoder,0.0,37261312,0.0,0.0,0.0,0.0,0.0,0.0,0.0,0.0
174,systemwide,0.0,1566814208,0.0,0.6666666666666666,0.0,13653.333333333334,0.0,0.0,0.0,0.0
174,video_trancoder,0.0,37261312,0.0,0.0,0.0,0.0,0.0,0.0,0.0,0.0
177,systemwide,1.0,1565011968,0.0,0.0,0.0,0.0,0.0,0.0,0.0,0.0
177,video_trancoder,0.0,37261312,0.0,0.0,0.0,0.0,0.0,0.0,0.0,0.0
180,systemwide,0.8999999999999999,1560170496,0.0,0.6666666666666666,0.0,4096.0,0.0,0.0,0.0,0.0
180,video_trancoder,0.0,37261312,0.0,0.0,0.0,0.0,0.0,0.0,0.0,0.0
183,systemwide,0.6,1547997184,0.0,0.0,0.0,0.0,0.3333333333333333,0.3333333333333333,22.0,22.0
183,video_trancoder,0.0,37187584,0.0,0.0,0.0,0.0,0.3333333333333333,0.3333333333333333,22.0,22.0
186,systemwide,1.5,1539584000,0.0,0.6666666666666666,0.0,4096.0,0.0,0.0,0.0,0.0
186,video_trancoder,0.0,37187584,0.0,0.0,0.0,0.0,0.0,0.0,0.0,0.0
189,systemwide,0.8999999999999999,1533894656,0.0,21.666666666666668,0.0,98304.0,0.0,0.0,0.0,0.0
189,video_trancoder,0.0,36986880,0.0,0.0,0.0,0.0,0.0,0.0,0.0,0.0
192,systemwide,1.2,1529495552,0.0,4.666666666666667,0.0,23210.666666666668,0.0,0.0,0.0,0.0
192,video_trancoder,0.0,36986880,0.0,0.0,0.0,0.0,0.0,0.0,0.0,0.0
195,systemwide,1.2,1527631872,0.0,0.3333333333333333,0.0,4096.0,0.0,0.0,0.0,0.0
195,video_trancoder,0.0,36634624,0.0,0.0,0.0,0.0,0.0,0.0,0.0,0.0
198,systemwide,0.6,1526898688,0.0,0.6666666666666666,0.0,8192.0,0.0,0.0,0.0,0.0
198,video_trancoder,0.0,36384768,0.0,0.0,0.0,0.0,0.0,0.0,0.0,0.0
201,systemwide,1.2,1526894592,0.0,0.0,0.0,0.0,0.0,0.0,0.0,0.0
201,video_trancoder,0.0,36384768,0.0,0.0,0.0,0.0,0.0,0.0,0.0,0.0
204,systemwide,0.3,1526894592,0.0,0.6666666666666666,0.0,4096.0,0.6666666666666666,0.6666666666666666,162.33333333333334,188.0
204,video_trancoder,0.0086,36646912,0.0,0.0,0.0,0.0,0.6666666666666666,0.6666666666666666,162.33333333333334,188.0
207,systemwide,327.7,1870290944,0.0,0.0,0.0,0.0,81.66666666666667,128.0,5390.0,913250.6666666666
207,video_trancoder,329.6137333333333,380649472,0.0,0.0,0.0,0.0,81.66666666666667,104.33333333333333,5390.0,911688.6666666666
210,systemwide,586.6999999999999,1870516224,0.0,0.6666666666666666,0.0,6826.666666666667,0.6666666666666666,0.6666666666666666,28.0,28.0
210,video_trancoder,588.4419,381030400,0.0,0.0,0.0,0.0,0.6666666666666666,0.6666666666666666,28.0,28.0
213,systemwide,602.4,1870512128,0.0,0.0,0.0,0.0,0.0,0.0,0.0,0.0
213,video_trancoder,602.9887666666667,382013440,0.0,0.0,0.0,0.0,0.0,0.0,0.0,0.0
216,systemwide,424.7,1546686464,0.0,0.6666666666666666,0.0,4096.0,14.666666666666666,35.666666666666664,129517.66666666667,109697.66666666667
216,video_trancoder,423.5343666666667,37597184,0.0,0.0,0.0,0.0,14.666666666666666,25.666666666666668,129517.66666666667,109037.66666666667
219,systemwide,489.0,1885638656,0.0,0.0,0.0,0.0,33.333333333333336,76.66666666666667,2200.0,664724.0
219,video_trancoder,486.7845333333333,380891136,0.0,0.0,0.0,0.0,33.333333333333336,44.0,2200.0,662568.0
222,systemwide,602.1999999999999,1881186304,0.0,0.6666666666666666,0.0,10922.666666666666,0.0,0.0,0.0,0.0
222,video_trancoder,603.6975333333334,381829120,0.0,0.0,0.0,0.0,0.0,0.0,0.0,0.0
225,systemwide,615.8000000000001,1881931776,0.0,0.3333333333333333,0.0,4096.0,0.0,0.0,0.0,0.0
225,video_trancoder,612.6716,380661760,0.0,0.0,0.0,0.0,0.0,0.0,0.0,0.0
228,systemwide,632.9,1881337856,0.0,3.6666666666666665,0.0,20480.0,0.0,0.0,0.0,0.0
228,video_trancoder,633.5374333333333,369860608,0.0,0.0,0.0,0.0,0.0,0.0,0.0,0.0
231,systemwide,264.5,1566408704,0.0,0.0,0.0,0.0,5.0,3.3333333333333335,187679.33333333334,394.6666666666667
231,video_trancoder,263.2187333333333,36904960,0.0,0.0,0.0,0.0,3.6666666666666665,3.3333333333333335,187591.33333333334,394.6666666666667
234,systemwide,0.7,1561923584,0.0,0.6666666666666666,0.0,9557.333333333334,0.0,0.0,0.0,0.0
234,video_trancoder,0.0,36806656,0.0,0.0,0.0,0.0,0.0,0.0,0.0,0.0
237,systemwide,0.8999999999999999,1555931136,0.0,1.0,0.0,5461.333333333333,0.3333333333333333,0.3333333333333333,14.0,14.0
237,video_trancoder,0.0,36806656,0.0,0.0,0.0,0.0,0.3333333333333333,0.3333333333333333,14.0,14.0
240,systemwide,2.0,1553793024,0.0,0.6666666666666666,0.0,9557.333333333334,0.0,0.0,0.0,0.0
240,video_trancoder,0.0,36806656,0.0,0.0,0.0,0.0,0.0,0.0,0.0,0.0
243,systemwide,0.6,1548857344,0.0,0.0,0.0,0.0,0.0,0.0,0.0,0.0
243,video_trancoder,0.0,36806656,0.0,0.0,0.0,0.0,0.0,0.0,0.0,0.0
246,systemwide,0.8999999999999999,1546047488,0.0,0.6666666666666666,0.0,4096.0,0.0,0.0,0.0,0.0
246,video_trancoder,0.0,36646912,0.0,0.0,0.0,0.0,0.0,0.0,0.0,0.0
249,systemwide,35.9,1849700352,0.0,21.0,0.0,94208.0,85.33333333333333,114.0,5750.333333333333,802745.0
249,video_trancoder,35.39796666666667,347127808,0.0,0.0,0.0,0.0,85.33333333333333,99.0,5750.333333333333,801755.0
252,systemwide,599.8,1893052416,0.0,0.6666666666666666,0.0,8192.0,0.0,0.0,0.0,0.0
252,video_trancoder,602.0236666666666,384004096,0.0,0.0,0.0,0.0,0.0,0.0,0.0,0.0
255,systemwide,600.8,1893560320,0.0,0.0,0.0,0.0,0.3333333333333333,0.3333333333333333,14.0,14.0
255,video_trancoder,601.5560333333334,383848448,0.0,0.0,0.0,0.0,0.3333333333333333,0.3333333333333333,14.0,14.0
258,systemwide,582.3,1891659776,0.0,1.0,0.0,12288.0,0.0,0.0,0.0,0.0
258,video_trancoder,583.7862666666666,384274432,0.0,0.0,0.0,0.0,0.0,0.0,0.0,0.0
261,systemwide,575.5,1879744512,0.0,0.0,0.0,0.0,0.0,0.0,0.0,0.0
261,video_trancoder,576.2234,372178944,0.0,0.0,0.0,0.0,0.0,0.0,0.0,0.0
264,systemwide,197.1,1577496576,0.0,4.333333333333333,0.0,21845.333333333332,6.666666666666667,5.666666666666667,180516.0,548.6666666666666
264,video_trancoder,196.14133333333334,38211584,0.0,0.0,0.0,0.0,4.0,5.666666666666667,180340.0,548.6666666666666
267,systemwide,1.2,1557651456,0.0,0.0,0.0,0.0,0.0,0.0,0.0,0.0
267,video_trancoder,0.0,38154240,0.0,0.0,0.0,0.0,0.0,0.0,0.0,0.0
270,systemwide,1.2,1544699904,0.0,0.6666666666666666,0.0,4096.0,0.0,0.0,0.0,0.0
270,video_trancoder,0.0,38154240,0.0,0.0,0.0,0.0,0.0,0.0,0.0,0.0
273,systemwide,1.2,1540218880,0.0,0.0,0.0,0.0,0.3333333333333333,0.3333333333333333,22.0,22.0
273,video_trancoder,0.0,38154240,0.0,0.0,0.0,0.0,0.3333333333333333,0.3333333333333333,22.0,22.0
276,systemwide,0.3,1538142208,0.0,0.6666666666666666,0.0,4096.0,0.0,0.0,0.0,0.0
276,video_trancoder,0.0,37883904,0.0,0.0,0.0,0.0,0.0,0.0,0.0,0.0
279,systemwide,3.6,1531572224,0.0,0.3333333333333333,0.0,2730.6666666666665,0.0,0.0,0.0,0.0
279,video_trancoder,0.0,37208064,0.0,0.0,0.0,0.0,0.0,0.0,0.0,0.0
282,systemwide,1.2,1532002304,0.0,0.6666666666666666,0.0,15018.666666666666,0.0,0.0,0.0,0.0
282,video_trancoder,0.0,37208064,0.0,0.0,0.0,0.0,0.0,0.0,0.0,0.0
285,systemwide,2.8,1541550080,0.0,0.0,0.0,0.0,0.0,0.0,0.0,0.0
285,video_trancoder,0.0,35684352,0.0,0.0,0.0,0.0,0.0,0.0,0.0,0.0
288,systemwide,3.6999999999999997,1539932160,0.0,14.666666666666666,0.0,69632.0,0.0,0.0,0.0,0.0
288,video_trancoder,0.0,35684352,0.0,0.0,0.0,0.0,0.0,0.0,0.0,0.0
291,systemwide,1.0,1538719744,0.0,1.3333333333333333,0.0,16384.0,0.0,0.0,0.0,0.0
291,video_trancoder,0.0,35684352,0.0,0.0,0.0,0.0,0.0,0.0,0.0,0.0
294,systemwide,0.6,1536516096,0.0,0.0,0.0,0.0,0.0,0.0,0.0,0.0
294,video_trancoder,0.0,35684352,0.0,0.0,0.0,0.0,0.0,0.0,0.0,0.0
297,systemwide,0.8999999999999999,1536331776,0.0,0.6666666666666666,0.0,8192.0,0.0,0.0,0.0,0.0
297,video_trancoder,0.0,35684352,0.0,0.0,0.0,0.0,0.0,0.0,0.0,0.0
300,systemwide,0.3,1536331776,0.0,3.0,0.0,12288.0,0.0,0.0,0.0,0.0
300,video_trancoder,0.0,35684352,0.0,0.0,0.0,0.0,0.0,0.0,0.0,0.0
303,systemwide,1.2999999999999998,1536331776,0.0,0.6666666666666666,0.0,4096.0,0.0,0.0,0.0,0.0
303,video_trancoder,0.0,35684352,0.0,0.0,0.0,0.0,0.0,0.0,0.0,0.0
306,systemwide,0.8999999999999999,1531170816,0.0,0.0,0.0,0.0,2.6666666666666665,4.666666666666667,294.3333333333333,20052.0
306,video_trancoder,0.0579,36192256,0.0,0.0,0.0,0.0,2.6666666666666665,4.666666666666667,294.3333333333333,20052.0
309,systemwide,352.7,1877610496,0.0,12.0,0.0,54613.333333333336,61.333333333333336,143.0,4048.0,779688.6666666666
309,video_trancoder,353.3602333333333,382091264,0.0,0.0,0.0,0.0,61.333333333333336,119.33333333333333,4048.0,778126.6666666666
312,systemwide,485.9,1877835776,0.0,0.0,0.0,0.0,0.6666666666666666,0.6666666666666666,28.0,28.0
312,video_trancoder,487.32976666666667,382070784,0.0,0.0,0.0,0.0,0.6666666666666666,0.6666666666666666,28.0,28.0
315,systemwide,541.9,1877823488,0.0,0.6666666666666666,0.0,5461.333333333333,0.0,0.0,0.0,0.0
315,video_trancoder,544.1842,381476864,0.0,0.0,0.0,0.0,0.0,0.0,0.0,0.0
318,systemwide,257.9,1590853632,0.0,0.0,0.0,0.0,71.66666666666667,177.0,128450.0,674015.6666666666
318,video_trancoder,256.9508,37228544,0.0,0.0,0.0,0.0,71.66666666666667,108.0,128450.0,669461.6666666666
321,systemwide,496.7,1887133696,0.0,1.0,0.0,9557.333333333334,19.666666666666668,50.0,1298.0,251009.33333333334
321,video_trancoder,498.18266666666665,385871872,0.0,0.0,0.0,0.0,19.666666666666668,29.0,1298.0,249623.33333333334
324,systemwide,526.5,1886494720,0.0,0.0,0.0,0.0,0.0,0.0,0.0,0.0
324,video_trancoder,528.5154,386228224,0.0,0.0,0.0,0.0,0.0,0.0,0.0,0.0
327,systemwide,565.8,1885855744,0.0,0.6666666666666666,0.0,8192.0,0.0,0.0,0.0,0.0
327,video_trancoder,566.2298,386113536,0.0,0.0,0.0,0.0,0.0,0.0,0.0,0.0
330,systemwide,516.0,1568632832,0.0,0.0,0.0,0.0,7.333333333333333,5.0,189158.0,667.3333333333334
330,video_trancoder,516.9145333333333,41254912,0.0,0.0,0.0,0.0,4.666666666666667,5.0,188982.0,667.3333333333334
333,systemwide,334.9,1875443712,0.0,2.6666666666666665,0.0,13653.333333333334,60.333333333333336,165.0,3982.0,771034.3333333334
333,video_trancoder,335.0340333333333,386011136,0.0,0.0,0.0,0.0,60.333333333333336,114.66666666666667,3982.0,767712.3333333334
336,systemwide,617.0,1875701760,0.0,0.3333333333333333,0.0,1365.3333333333333,0.0,0.0,0.0,0.0
336,video_trancoder,616.0472666666667,385044480,0.0,0.0,0.0,0.0,0.0,0.0,0.0,0.0
339,systemwide,604.3000000000001,1892990976,0.0,0.6666666666666666,0.0,5461.333333333333,0.0,0.0,0.0,0.0
339,video_trancoder,603.1155666666667,384450560,0.0,0.0,0.0,0.0,0.0,0.0,0.0,0.0
342,systemwide,594.9,1883119616,0.0,0.0,0.0,0.0,0.0,0.0,0.0,0.0
342,video_trancoder,596.2430666666667,384286720,0.0,0.0,0.0,0.0,0.0,0.0,0.0,0.0
345,systemwide,581.2,1883328512,0.0,1.3333333333333333,0.0,13653.333333333334,0.0,0.0,0.0,0.0
345,video_trancoder,581.9621,373460992,0.0,0.0,0.0,0.0,0.0,0.0,0.0,0.0
348,systemwide,30.599999999999998,1555316736,0.0,0.0,0.0,0.0,8.666666666666666,5.666666666666667,321506.6666666667,548.6666666666666
348,video_trancoder,24.259933333333333,29962240,0.0,0.0,0.0,0.0,6.0,5.666666666666667,321330.6666666667,548.6666666666666
351,systemwide,1.9,1545515008,0.0,0.6666666666666666,0.0,9557.333333333334,0.0,0.0,0.0,0.0
351,video_trancoder,0.0,29949952,0.0,0.0,0.0,0.0,0.0,0.0,0.0,0.0
354,systemwide,0.3,1531228160,0.0,0.3333333333333333,0.0,4096.0,0.0,0.0,0.0,0.0
354,video_trancoder,0.0,29949952,0.0,0.0,0.0,0.0,0.0,0.0,0.0,0.0
357,systemwide,1.9,1527877632,0.0,0.6666666666666666,0.0,12288.0,0.0,0.0,0.0,0.0
357,video_trancoder,0.0,29949952,0.0,0.0,0.0,0.0,0.0,0.0,0.0,0.0
360,systemwide,257.3,1845043200,0.0,0.0,0.0,0.0,53.666666666666664,120.66666666666667,3660.3333333333335,661381.3333333334
360,video_trancoder,257.4035333333333,378228736,0.0,0.0,0.0,0.0,53.666666666666664,73.0,3660.3333333333335,658235.3333333334
363,systemwide,552.6,1847595008,0.0,0.6666666666666666,0.0,5461.333333333333,1.0,1.0,50.0,50.0
363,video_trancoder,553.7113333333333,380960768,0.0,0.0,0.0,0.0,1.0,1.0,50.0,50.0
366,systemwide,546.5,1848082432,0.0,0.0,0.0,0.0,0.0,0.0,0.0,0.0
366,video_trancoder,549.8929333333333,381489152,0.0,0.0,0.0,0.0,0.0,0.0,0.0,0.0
369,systemwide,397.5,1541570560,0.0,25.333333333333332,0.0,117418.66666666667,4.0,5.333333333333333,142367.33333333334,661.3333333333334
369,video_trancoder,396.9110666666666,37376000,0.0,0.0,0.0,0.0,4.0,5.333333333333333,142367.33333333334,661.3333333333334
372,systemwide,355.09999999999997,1871069184,0.0,0.0,0.0,0.0,49.666666666666664,123.66666666666667,3278.0,761939.6666666666
372,video_trancoder,357.0978,380141568,0.0,0.0,0.0,0.0,49.666666666666664,87.66666666666667,3278.0,759563.6666666666
375,systemwide,509.8,1869369344,0.0,0.6666666666666666,0.0,13653.333333333334,0.0,0.0,0.0,0.0
375,video_trancoder,510.65546666666665,379764736,0.0,0.0,0.0,0.0,0.0,0.0,0.0,0.0
378,systemwide,524.3,1865572352,0.0,0.3333333333333333,0.0,2730.6666666666665,0.0,0.0,0.0,0.0
378,video_trancoder,527.4094,379674624,0.0,0.0,0.0,0.0,0.0,0.0,0.0,0.0
381,systemwide,233.8,1818955776,0.0,0.6666666666666666,0.0,10922.666666666666,72.33333333333333,212.33333333333334,166249.33333333334,876647.0
381,video_trancoder,235.56230000000002,346136576,0.0,0.0,0.0,0.0,72.33333333333333,130.0,166249.33333333334,871213.0
384,systemwide,487.8,1855823872,0.0,0.0,0.0,0.0,0.0,0.0,0.0,0.0
384,video_trancoder,489.21866666666665,382083072,0.0,0.0,0.0,0.0,0.0,0.0,0.0,0.0
387,systemwide,518.6,1856053248,0.0,1.0,0.0,13653.333333333334,0.0,0.0,0.0,0.0
387,video_trancoder,521.7432666666667,381988864,0.0,0.0,0.0,0.0,0.0,0.0,0.0,0.0
390,systemwide,523.1,1856540672,0.0,0.6666666666666666,0.0,5461.333333333333,0.0,0.0,0.0,0.0
390,video_trancoder,524.8248,370675712,0.0,0.0,0.0,0.0,0.0,0.0,0.0,0.0
393,systemwide,239.2,1537744896,0.0,0.0,0.0,0.0,4.333333333333333,2.6666666666666665,146253.66666666666,350.6666666666667
393,video_trancoder,240.58786666666666,37990400,0.0,0.0,0.0,0.0,3.0,2.6666666666666665,146165.66666666666,350.6666666666667
396,systemwide,1.5,1536745472,0.0,0.6666666666666666,0.0,5461.333333333333,2.6666666666666665,7.666666666666667,294.3333333333333,24412.666666666668
396,video_trancoder,0.053366666666666666,37834752,0.0,0.0,0.0,0.0,2.6666666666666665,5.666666666666667,294.3333333333333,24280.666666666668
399,systemwide,352.4,1877020672,0.0,0.0,0.0,0.0,32.666666666666664,87.0,2156.0,742027.3333333334
399,video_trancoder,350.91433333333333,381124608,0.0,0.0,0.0,0.0,32.666666666666664,53.666666666666664,2156.0,739827.3333333334
402,systemwide,460.5,1870925824,0.0,0.6666666666666666,0.0,12288.0,0.0,0.0,0.0,0.0
402,video_trancoder,463.2883,382943232,0.0,0.0,0.0,0.0,0.0,0.0,0.0,0.0
405,systemwide,436.9,1592881152,0.0,5.0,0.0,20480.0,3.0,3.6666666666666665,99223.0,551.3333333333334
405,video_trancoder,438.59336666666667,38252544,0.0,0.0,0.0,0.0,3.0,3.6666666666666665,99223.0,551.3333333333334
408,systemwide,373.4,1893027840,0.0,0.6666666666666666,0.0,5461.333333333333,64.66666666666667,188.33333333333334,4268.0,826240.3333333334
408,video_trancoder,370.39596666666665,380616704,0.0,0.0,0.0,0.0,64.66666666666667,127.66666666666667,4268.0,822236.3333333334
411,systemwide,600.9,1893515264,0.0,0.3333333333333333,0.0,2730.6666666666665,0.3333333333333333,0.3333333333333333,14.0,14.0
411,video_trancoder,602.1675666666666,382099456,0.0,0.0,0.0,0.0,0.3333333333333333,0.3333333333333333,14.0,14.0
414,systemwide,354.3,1621749760,0.0,0.6666666666666666,0.0,15018.666666666666,3.3333333333333335,3.0,101394.66666666667,6536.0
414,video_trancoder,354.87010000000004,37150720,0.0,0.0,0.0,0.0,3.3333333333333335,3.0,101394.66666666667,6536.0
417,systemwide,385.6,1904660480,0.0,0.3333333333333333,0.0,4096.0,48.0,114.66666666666667,3168.0,765385.0
417,video_trancoder,386.7964,379695104,0.0,0.0,0.0,0.0,48.0,91.66666666666667,3168.0,763867.0
420,systemwide,532.0,1904119808,0.0,0.6666666666666666,0.0,9557.333333333334,0.3333333333333333,0.3333333333333333,14.0,14.0
420,video_trancoder,533.5207,380485632,0.0,0.0,0.0,0.0,0.3333333333333333,0.3333333333333333,14.0,14.0
423,systemwide,513.2,1895301120,0.0,0.0,0.0,0.0,0.0,0.0,0.0,0.0
423,video_trancoder,516.3803666666666,369524736,0.0,0.0,0.0,0.0,0.0,0.0,0.0,0.0
426,systemwide,209.3,1847922688,0.0,0.6666666666666666,0.0,5461.333333333333,64.0,164.33333333333334,156523.0,800820.0
426,video_trancoder,210.76666666666665,355110912,0.0,0.0,0.0,0.0,64.0,110.0,156523.0,797234.0
429,systemwide,476.7,1873014784,0.0,31.666666666666668,0.0,146090.66666666666,0.0,0.0,0.0,0.0
429,video_trancoder,478.5029333333334,381214720,0.0,0.0,0.0,0.0,0.0,0.0,0.0,0.0
432,systemwide,512.3,1872130048,0.0,0.6666666666666666,0.0,12288.0,0.0,0.0,0.0,0.0
432,video_trancoder,514.4352333333333,381603840,0.0,0.0,0.0,0.0,0.0,0.0,0.0,0.0
435,systemwide,504.9,1870458880,0.0,0.0,0.0,0.0,0.0,0.0,0.0,0.0
435,video_trancoder,505.1592666666666,363868160,0.0,0.0,0.0,0.0,0.0,0.0,0.0,0.0
438,systemwide,1.5999999999999999,1565036544,0.0,5.333333333333333,0.0,24576.0,2.6666666666666665,2.0,132128.66666666666,132.0
438,video_trancoder,1.6030666666666666,38608896,0.0,0.0,0.0,0.0,2.6666666666666665,2.0,132128.66666666666,132.0
441,systemwide,1.2,1559220224,0.0,0.0,0.0,0.0,0.0,0.0,0.0,0.0
441,video_trancoder,0.0,38608896,0.0,0.0,0.0,0.0,0.0,0.0,0.0,0.0
444,systemwide,1.5999999999999999,1553969152,0.0,1.6666666666666667,0.0,16384.0,0.0,0.0,0.0,0.0
444,video_trancoder,0.0,38551552,0.0,0.0,0.0,0.0,0.0,0.0,0.0,0.0
447,systemwide,0.6,1545547776,0.0,0.0,0.0,0.0,0.0,0.0,0.0,0.0
447,video_trancoder,0.0,38236160,0.0,0.0,0.0,0.0,0.0,0.0,0.0,0.0
450,systemwide,0.6,1541005312,0.0,1.0,0.0,13653.333333333334,0.0,0.0,0.0,0.0
450,video_trancoder,0.0,38207488,0.0,0.0,0.0,0.0,0.0,0.0,0.0,0.0
453,systemwide,0.3,1537290240,0.0,0.0,0.0,0.0,0.3333333333333333,0.3333333333333333,22.0,22.0
453,video_trancoder,0.0,38207488,0.0,0.0,0.0,0.0,0.3333333333333333,0.3333333333333333,22.0,22.0
456,systemwide,1.7999999999999998,1533763584,0.0,0.6666666666666666,0.0,4096.0,0.3333333333333333,0.3333333333333333,14.0,14.0
456,video_trancoder,0.0,37920768,0.0,0.0,0.0,0.0,0.3333333333333333,0.3333333333333333,14.0,14.0
459,systemwide,327.4,1868042240,0.0,0.0,0.0,0.0,89.33333333333333,157.33333333333334,6014.333333333333,874865.0
459,video_trancoder,325.19329999999997,379506688,0.0,0.0,0.0,0.0,89.33333333333333,118.33333333333333,6014.333333333333,872291.0
462,systemwide,613.7,1868267520,0.0,0.6666666666666666,0.0,10922.666666666666,0.0,0.0,0.0,0.0
462,video_trancoder,614.8539333333333,381411328,0.0,0.0,0.0,0.0,0.0,0.0,0.0,0.0
465,systemwide,580.2,1870303232,0.0,0.0,0.0,0.0,0.0,0.0,0.0,0.0
465,video_trancoder,582.0735666666667,383012864,0.0,0.0,0.0,0.0,0.0,0.0,0.0,0.0
468,systemwide,667.1,1868484608,0.0,0.6666666666666666,0.0,4096.0,0.0,0.0,0.0,0.0
468,video_trancoder,666.1870666666667,382906368,0.0,0.0,0.0,0.0,0.0,0.0,0.0,0.0
471,systemwide,675.0,1878495232,0.0,0.0,0.0,0.0,0.0,0.0,0.0,0.0
471,video_trancoder,670.2021,370647040,0.0,0.0,0.0,0.0,0.0,0.0,0.0,0.0
474,systemwide,384.2,1849282560,0.0,5.0,0.0,28672.0,85.33333333333333,111.0,380635.3333333333,588977.0
474,video_trancoder,384.8404666666667,345137152,0.0,0.0,0.0,0.0,82.66666666666667,95.0,380459.3333333333,587921.0
477,systemwide,664.4,1887731712,0.0,0.0,0.0,0.0,0.0,0.0,0.0,0.0
477,video_trancoder,664.3381333333333,381554688,0.0,0.0,0.0,0.0,0.0,0.0,0.0,0.0
480,systemwide,671.1,1887961088,0.0,0.6666666666666666,0.0,5461.333333333333,0.3333333333333333,0.3333333333333333,14.0,14.0
480,video_trancoder,670.7581333333334,381616128,0.0,0.0,0.0,0.0,0.3333333333333333,0.3333333333333333,14.0,14.0
483,systemwide,675.5,1885827072,0.0,0.3333333333333333,0.0,4096.0,0.0,0.0,0.0,0.0
483,video_trancoder,675.1594333333334,382541824,0.0,0.0,0.0,0.0,0.0,0.0,0.0,0.0
486,systemwide,586.1,1885360128,0.0,0.6666666666666666,0.0,8192.0,0.0,0.0,0.0,0.0
486,video_trancoder,586.7180666666667,382353408,0.0,0.0,0.0,0.0,0.0,0.0,0.0,0.0
489,systemwide,204.2,1547907072,0.0,22.0,0.0,99669.33333333333,6.333333333333333,4.666666666666667,246121.0,494.6666666666667
489,video_trancoder,205.01683333333335,38301696,0.0,0.0,0.0,0.0,5.0,4.666666666666667,246033.0,494.6666666666667
492,systemwide,0.0,1544343552,0.0,0.6666666666666666,0.0,17749.333333333332,0.0,0.0,0.0,0.0
492,video_trancoder,0.0,38060032,0.0,0.0,0.0,0.0,0.0,0.0,0.0,0.0
495,systemwide,2.1999999999999997,1543835648,0.0,0.0,0.0,0.0,0.0,0.0,0.0,0.0
495,video_trancoder,0.0,37777408,0.0,0.0,0.0,0.0,0.0,0.0,0.0,0.0
498,systemwide,0.8999999999999999,1540521984,0.0,0.6666666666666666,0.0,4096.0,0.0,0.0,0.0,0.0
498,video_trancoder,0.0,37777408,0.0,0.0,0.0,0.0,0.0,0.0,0.0,0.0
501,systemwide,1.6,1538265088,0.0,0.0,0.0,0.0,0.3333333333333333,0.6666666666666666,22.0,44.0
501,video_trancoder,0.007133333333333333,37863424,0.0,0.0,0.0,0.0,0.3333333333333333,0.6666666666666666,22.0,44.0
504,systemwide,0.3,1536569344,0.0,0.6666666666666666,0.0,4096.0,0.0,0.0,0.0,0.0
504,video_trancoder,0.0,37863424,0.0,0.0,0.0,0.0,0.0,0.0,0.0,0.0
507,systemwide,0.6,1535807488,0.0,0.0,0.0,0.0,0.3333333333333333,0.3333333333333333,14.0,14.0
507,video_trancoder,0.0,37863424,0.0,0.0,0.0,0.0,0.3333333333333333,0.3333333333333333,14.0,14.0
510,systemwide,1.2,1535807488,0.0,4.0,0.0,19114.666666666668,0.0,0.0,0.0,0.0
510,video_trancoder,0.0,37605376,0.0,0.0,0.0,0.0,0.0,0.0,0.0,0.0
513,systemwide,1.5,1534865408,0.0,0.3333333333333333,0.0,4096.0,0.0,0.0,0.0,0.0
513,video_trancoder,0.0,37605376,0.0,0.0,0.0,0.0,0.0,0.0,0.0,0.0
516,systemwide,0.6,1535090688,0.0,0.6666666666666666,0.0,9557.333333333334,0.0,0.0,0.0,0.0
516,video_trancoder,0.0,37560320,0.0,0.0,0.0,0.0,0.0,0.0,0.0,0.0
519,systemwide,3.3,1553952768,0.0,0.3333333333333333,0.0,1365.3333333333333,0.0,0.0,0.0,0.0
519,video_trancoder,0.0,36843520,0.0,0.0,0.0,0.0,0.0,0.0,0.0,0.0
522,systemwide,1.2,1542770688,0.0,0.6666666666666666,0.0,10922.666666666666,0.0,0.0,0.0,0.0
522,video_trancoder,0.0,36843520,0.0,0.0,0.0,0.0,0.0,0.0,0.0,0.0
525,systemwide,0.6,1539260416,0.0,0.0,0.0,0.0,0.0,0.0,0.0,0.0
525,video_trancoder,0.0,36843520,0.0,0.0,0.0,0.0,0.0,0.0,0.0,0.0
528,systemwide,130.9,1892909056,0.0,0.6666666666666666,0.0,5461.333333333333,63.666666666666664,160.33333333333334,4320.333333333333,822276.3333333334
528,video_trancoder,126.33066666666667,377098240,0.0,0.0,0.0,0.0,63.666666666666664,119.33333333333333,4320.333333333333,819570.3333333334
531,systemwide,508.3,1888743424,0.0,0.0,0.0,0.0,0.0,0.0,0.0,0.0
531,video_trancoder,509.41693333333336,381079552,0.0,0.0,0.0,0.0,0.0,0.0,0.0,0.0
534,systemwide,508.0,1888133120,0.0,0.6666666666666666,0.0,8192.0,0.6666666666666666,0.6666666666666666,28.0,28.0
534,video_trancoder,510.73313333333334,381341696,0.0,0.0,0.0,0.0,0.6666666666666666,0.6666666666666666,28.0,28.0
537,systemwide,212.9,1884975104,0.0,0.0,0.0,0.0,74.0,151.66666666666666,85544.33333333333,774181.3333333334
537,video_trancoder,212.97806666666668,357478400,0.0,0.0,0.0,0.0,74.0,102.0,85544.33333333333,770903.3333333334
540,systemwide,513.7,1920806912,0.0,0.6666666666666666,0.0,5461.333333333333,0.0,0.0,0.0,0.0
540,video_trancoder,515.6402333333333,383635456,0.0,0.0,0.0,0.0,0.0,0.0,0.0,0.0
543,systemwide,495.5,1917214720,0.0,0.0,0.0,0.0,0.0,0.0,0.0,0.0
543,video_trancoder,498.7375666666667,383905792,0.0,0.0,0.0,0.0,0.0,0.0,0.0,0.0
546,systemwide,281.6,1863774208,0.0,4.333333333333333,0.0,27306.666666666668,64.66666666666667,144.0,92559.66666666667,749752.6666666666
546,video_trancoder,283.4868333333333,354099200,0.0,0.0,0.0,0.0,64.66666666666667,90.0,92559.66666666667,746188.6666666666
549,systemwide,519.5,1888260096,0.0,21.666666666666668,0.0,98304.0,0.0,0.0,0.0,0.0
549,video_trancoder,520.4327666666667,377348096,0.0,0.0,0.0,0.0,0.0,0.0,0.0,0.0
552,systemwide,534.0,1887346688,0.0,0.6666666666666666,0.0,12288.0,0.0,0.0,0.0,0.0
552,video_trancoder,533.8920333333333,377892864,0.0,0.0,0.0,0.0,0.0,0.0,0.0,0.0
555,systemwide,367.4,1571090432,0.0,0.0,0.0,0.0,23.666666666666668,30.0,74001.33333333333,149793.66666666666
555,video_trancoder,368.43170000000003,34201600,0.0,0.0,0.0,0.0,23.666666666666668,26.666666666666668,74001.33333333333,149573.66666666666
558,systemwide,437.6,1879166976,0.0,1.0,0.0,12288.0,73.66666666666667,148.33333333333334,4862.0,785502.0
558,video_trancoder,440.8833333333334,382103552,0.0,0.0,0.0,0.0,73.66666666666667,99.0,4862.0,782246.0
561,systemwide,498.59999999999997,1879396352,0.0,0.0,0.0,0.0,0.3333333333333333,0.3333333333333333,14.0,14.0
561,video_trancoder,501.8213,381833216,0.0,0.0,0.0,0.0,0.3333333333333333,0.3333333333333333,14.0,14.0
564,systemwide,424.1,1560064000,0.0,0.6666666666666666,0.0,6826.666666666667,3.0,2.3333333333333335,113886.66666666667,463.3333333333333
564,video_trancoder,425.20883333333336,36691968,0.0,0.0,0.0,0.0,3.0,2.3333333333333335,113886.66666666667,463.3333333333333
567,systemwide,337.8,1899819008,0.0,0.0,0.0,0.0,52.666666666666664,154.33333333333334,3476.0,809428.3333333334
567,video_trancoder,340.8589666666667,380284928,0.0,0.0,0.0,0.0,52.666666666666664,103.0,3476.0,806040.3333333334
570,systemwide,511.4,1889730560,0.0,0.6666666666666666,0.0,5461.333333333333,0.0,0.0,0.0,0.0
570,video_trancoder,513.3916,380387328,0.0,0.0,0.0,0.0,0.0,0.0,0.0,0.0
573,systemwide,548.1,1878298624,0.0,0.0,0.0,0.0,0.0,0.0,0.0,0.0
573,video_trancoder,549.9990333333334,380350464,0.0,0.0,0.0,0.0,0.0,0.0,0.0,0.0
576,systemwide,377.7,1545191424,0.0,0.6666666666666666,0.0,4096.0,5.666666666666667,2.6666666666666665,137270.66666666666,350.6666666666667
576,video_trancoder,378.11293333333333,36851712,0.0,0.0,0.0,0.0,3.0,2.6666666666666665,137094.66666666666,350.6666666666667
579,systemwide,4.5,1556537344,0.0,0.3333333333333333,0.0,4096.0,0.0,0.0,0.0,0.0
579,video_trancoder,0.0,35749888,0.0,0.0,0.0,0.0,0.0,0.0,0.0,0.0
582,systemwide,1.5999999999999999,1553121280,0.0,0.6666666666666666,0.0,15018.666666666666,0.0,0.0,0.0,0.0
582,video_trancoder,0.0,35749888,0.0,0.0,0.0,0.0,0.0,0.0,0.0,0.0
585,systemwide,0.3,1549291520,0.0,4.333333333333333,0.0,19114.666666666668,0.0,0.0,0.0,0.0
585,video_trancoder,0.0,35749888,0.0,0.0,0.0,0.0,0.0,0.0,0.0,0.0
588,systemwide,0.6,1542807552,0.0,0.6666666666666666,0.0,6826.666666666667,40.666666666666664,61.666666666666664,2802.3333333333335,347339.3333333333
588,video_trancoder,0.31073333333333336,36126720,0.0,0.0,0.0,0.0,40.666666666666664,52.0,2802.3333333333335,346701.3333333333
591,systemwide,457.6,1877209088,0.0,15.333333333333334,0.0,73728.0,43.666666666666664,98.0,2882.0,459102.6666666667
591,video_trancoder,454.97700000000003,378056704,0.0,0.0,0.0,0.0,43.666666666666664,61.666666666666664,2882.0,456704.6666666667
594,systemwide,466.3,1875337216,0.0,1.0,0.0,8192.0,0.3333333333333333,0.3333333333333333,14.0,14.0
594,video_trancoder,466.68993333333333,378265600,0.0,0.0,0.0,0.0,0.3333333333333333,0.3333333333333333,14.0,14.0
597,systemwide,494.59999999999997,1875566592,0.0,0.3333333333333333,0.0,2730.6666666666665,0.0,0.0,0.0,0.0
597,video_trancoder,496.365,378802176,0.0,0.0,0.0,0.0,0.0,0.0,0.0,0.0
600,systemwide,445.7,1546608640,0.0,0.6666666666666666,0.0,13653.333333333334,6.666666666666667,5.333333333333333,136438.33333333334,661.3333333333334
600,video_trancoder,445.20149999999995,35991552,0.0,0.0,0.0,0.0,4.0,5.333333333333333,136262.33333333334,661.3333333333334
603,systemwide,320.1,1866088448,0.0,0.0,0.0,0.0,46.666666666666664,118.66666666666667,3080.0,785353.3333333334
603,video_trancoder,321.8149,378712064,0.0,0.0,0.0,0.0,46.666666666666664,91.0,3080.0,783527.3333333334
606,systemwide,505.7,1866313728,0.0,0.6666666666666666,0.0,5461.333333333333,0.0,0.0,0.0,0.0
606,video_trancoder,506.81556666666665,378695680,0.0,0.0,0.0,0.0,0.0,0.0,0.0,0.0
609,systemwide,479.3,1865867264,0.0,12.333333333333334,0.0,54613.333333333336,0.0,0.0,0.0,0.0
609,video_trancoder,479.6311333333333,378798080,0.0,0.0,0.0,0.0,0.0,0.0,0.0,0.0
612,systemwide,503.0,1858007040,0.0,0.6666666666666666,0.0,10922.666666666666,0.0,0.0,0.0,0.0
612,video_trancoder,503.6347333333333,368046080,0.0,0.0,0.0,0.0,0.0,0.0,0.0,0.0
615,systemwide,52.6,1552322560,0.0,0.0,0.0,0.0,5.333333333333333,2.3333333333333335,122972.33333333333,328.6666666666667
615,video_trancoder,51.749599999999994,35905536,0.0,0.0,0.0,0.0,2.6666666666666665,2.3333333333333335,122796.33333333333,328.6666666666667
618,systemwide,1.2,1541648384,0.0,4.333333333333333,0.0,21845.333333333332,0.3333333333333333,0.3333333333333333,14.0,14.0
618,video_trancoder,0.0,35442688,0.0,0.0,0.0,0.0,0.3333333333333333,0.3333333333333333,14.0,14.0
621,systemwide,0.0,1533112320,0.0,0.0,0.0,0.0,0.0,0.0,0.0,0.0
621,video_trancoder,0.0,35442688,0.0,0.0,0.0,0.0,0.0,0.0,0.0,0.0
624,systemwide,1.5,1527021568,0.0,0.6666666666666666,0.0,4096.0,0.0,0.0,0.0,0.0
624,video_trancoder,0.0,35442688,0.0,0.0,0.0,0.0,0.0,0.0,0.0,0.0
627,systemwide,0.3,1524682752,0.0,0.0,0.0,0.0,0.0,0.0,0.0,0.0
627,video_trancoder,0.0,35442688,0.0,0.0,0.0,0.0,0.0,0.0,0.0,0.0
630,systemwide,1.2,1524678656,0.0,0.6666666666666666,0.0,4096.0,0.0,0.0,0.0,0.0
630,video_trancoder,0.0,35127296,0.0,0.0,0.0,0.0,0.0,0.0,0.0,0.0
633,systemwide,0.3,1524678656,0.0,0.3333333333333333,0.0,1365.3333333333333,0.0,0.0,0.0,0.0
633,video_trancoder,0.0,35127296,0.0,0.0,0.0,0.0,0.0,0.0,0.0,0.0
636,systemwide,3.0999999999999996,1524350976,0.0,0.6666666666666666,0.0,4096.0,24.0,47.666666666666664,1702.3333333333333,198351.0
636,video_trancoder,0.18589999999999998,35192832,0.0,0.0,0.0,0.0,24.0,35.0,1702.3333333333333,197515.0
639,systemwide,439.09999999999997,1886838784,0.0,0.0,0.0,0.0,39.333333333333336,74.0,2596.0,617716.0
639,video_trancoder,436.97763333333336,378966016,0.0,0.0,0.0,0.0,39.333333333333336,49.333333333333336,2596.0,616088.0
642,systemwide,491.5,1880047616,0.0,1.0,0.0,15018.666666666666,0.3333333333333333,0.3333333333333333,14.0,14.0
642,video_trancoder,493.9925,379072512,0.0,0.0,0.0,0.0,0.3333333333333333,0.3333333333333333,14.0,14.0
645,systemwide,482.8,1878962176,0.0,0.0,0.0,0.0,0.0,0.0,0.0,0.0
645,video_trancoder,484.7198333333333,379994112,0.0,0.0,0.0,0.0,0.0,0.0,0.0,0.0
648,systemwide,403.1,1555595264,0.0,1.3333333333333333,0.0,17749.333333333332,10.0,9.666666666666666,124312.0,23345.333333333332
648,video_trancoder,402.6913666666667,36007936,0.0,0.0,0.0,0.0,7.333333333333333,8.666666666666666,124136.0,23279.333333333332
651,systemwide,412.5,1882742784,0.0,0.0,0.0,0.0,75.0,91.0,4950.0,775550.0
651,video_trancoder,415.16086666666666,381747200,0.0,0.0,0.0,0.0,75.0,82.0,4950.0,774956.0
654,systemwide,528.8,1884479488,0.0,0.6666666666666666,0.0,8192.0,0.0,0.0,0.0,0.0
654,video_trancoder,526.5308666666666,381362176,0.0,0.0,0.0,0.0,0.0,0.0,0.0,0.0
657,systemwide,537.7,1878048768,0.0,0.0,0.0,0.0,0.0,0.0,0.0,0.0
657,video_trancoder,540.1775666666666,381345792,0.0,0.0,0.0,0.0,0.0,0.0,0.0,0.0
660,systemwide,344.8,1554456576,0.0,0.6666666666666666,0.0,9557.333333333334,4.0,2.3333333333333335,120299.33333333333,328.6666666666667
660,video_trancoder,344.6186,38875136,0.0,0.0,0.0,0.0,2.6666666666666665,2.3333333333333335,120211.33333333333,328.6666666666667
663,systemwide,0.3,1548267520,0.0,0.0,0.0,0.0,0.0,0.0,0.0,0.0
663,video_trancoder,0.0,38875136,0.0,0.0,0.0,0.0,0.0,0.0,0.0,0.0
666,systemwide,0.6,1541382144,0.0,0.6666666666666666,0.0,5461.333333333333,0.0,0.0,0.0,0.0
666,video_trancoder,0.0,38051840,0.0,0.0,0.0,0.0,0.0,0.0,0.0,0.0
669,systemwide,2.4,1533480960,0.0,20.666666666666668,0.0,95573.33333333333,0.0,0.0,0.0,0.0
669,video_trancoder,0.0,37994496,0.0,0.0,0.0,0.0,0.0,0.0,0.0,0.0
672,systemwide,1.5,1531703296,0.0,5.0,0.0,25941.333333333332,0.0,0.0,0.0,0.0
672,video_trancoder,0.0,37818368,0.0,0.0,0.0,0.0,0.0,0.0,0.0,0.0
675,systemwide,1.2,1526804480,0.0,0.3333333333333333,0.0,4096.0,0.0,0.0,0.0,0.0
675,video_trancoder,0.0,37818368,0.0,0.0,0.0,0.0,0.0,0.0,0.0,0.0
678,systemwide,0.6,1523650560,0.0,0.6666666666666666,0.0,8192.0,0.0,0.0,0.0,0.0
678,video_trancoder,0.0,37818368,0.0,0.0,0.0,0.0,0.0,0.0,0.0,0.0
681,systemwide,0.6,1523388416,0.0,0.0,0.0,0.0,0.0,0.0,0.0,0.0
681,video_trancoder,0.0,37818368,0.0,0.0,0.0,0.0,0.0,0.0,0.0,0.0
684,systemwide,0.3,1523617792,0.0,0.6666666666666666,0.0,4096.0,0.0,0.0,0.0,0.0
684,video_trancoder,0.0,37818368,0.0,0.0,0.0,0.0,0.0,0.0,0.0,0.0
687,systemwide,122.2,1855987712,0.0,0.0,0.0,0.0,92.0,145.33333333333334,6190.333333333333,810660.0
687,video_trancoder,122.43313333333333,369860608,0.0,0.0,0.0,0.0,92.0,105.0,6190.333333333333,807998.0
690,systemwide,559.8,1866022912,0.0,0.6666666666666666,0.0,5461.333333333333,0.0,0.0,0.0,0.0
690,video_trancoder,559.8907333333333,382603264,0.0,0.0,0.0,0.0,0.0,0.0,0.0,0.0
693,systemwide,576.2,1865482240,0.0,0.0,0.0,0.0,0.6666666666666666,0.6666666666666666,28.0,28.0
693,video_trancoder,577.8828,383082496,0.0,0.0,0.0,0.0,0.6666666666666666,0.6666666666666666,28.0,28.0
696,systemwide,516.4,1865482240,0.0,0.6666666666666666,0.0,4096.0,0.0,0.0,0.0,0.0
696,video_trancoder,517.5871333333333,371535872,0.0,0.0,0.0,0.0,0.0,0.0,0.0,0.0
699,systemwide,291.6,1870499840,0.0,0.0,0.0,0.0,61.666666666666664,123.66666666666667,124015.0,783930.0
699,video_trancoder,288.93153333333333,376156160,0.0,0.0,0.0,0.0,59.0,77.0,123839.0,780850.0
702,systemwide,528.5,1880784896,0.0,0.6666666666666666,0.0,10922.666666666666,0.0,0.0,0.0,0.0
702,video_trancoder,530.2026333333333,382042112,0.0,0.0,0.0,0.0,0.0,0.0,0.0,0.0
705,systemwide,521.3,1880600576,0.0,0.3333333333333333,0.0,4096.0,0.0,0.0,0.0,0.0
705,video_trancoder,522.2619,381657088,0.0,0.0,0.0,0.0,0.0,0.0,0.0,0.0
708,systemwide,529.9,1874624512,0.0,3.3333333333333335,0.0,19114.666666666668,0.0,0.0,0.0,0.0
708,video_trancoder,531.5032,370757632,0.0,0.0,0.0,0.0,0.0,0.0,0.0,0.0
711,systemwide,94.6,1554427904,0.0,0.0,0.0,0.0,5.333333333333333,2.3333333333333335,119227.33333333333,328.6666666666667
711,video_trancoder,93.50436666666667,39137280,0.0,0.0,0.0,0.0,2.6666666666666665,2.3333333333333335,119051.33333333333,328.6666666666667
714,systemwide,4.1,1556029440,0.0,0.6666666666666666,0.0,5461.333333333333,0.0,0.0,0.0,0.0
714,video_trancoder,0.0,37318656,0.0,0.0,0.0,0.0,0.0,0.0,0.0,0.0
717,systemwide,3.1999999999999997,1547108352,0.0,0.3333333333333333,0.0,2730.6666666666665,0.0,0.0,0.0,0.0
717,video_trancoder,0.0,37318656,0.0,0.0,0.0,0.0,0.0,0.0,0.0,0.0
720,systemwide,0.3,1542139904,0.0,0.6666666666666666,0.0,13653.333333333334,0.0,0.0,0.0,0.0
720,video_trancoder,0.0,37318656,0.0,0.0,0.0,0.0,0.0,0.0,0.0,0.0
723,systemwide,0.6,1534287872,0.0,0.0,0.0,0.0,0.0,0.0,0.0,0.0
723,video_trancoder,0.0,37318656,0.0,0.0,0.0,0.0,0.0,0.0,0.0,0.0
726,systemwide,0.8999999999999999,1532719104,0.0,0.6666666666666666,0.0,5461.333333333333,0.0,0.0,0.0,0.0
726,video_trancoder,0.0,37318656,0.0,0.0,0.0,0.0,0.0,0.0,0.0,0.0
729,systemwide,0.6,1531142144,0.0,25.333333333333332,0.0,111957.33333333333,0.0,0.0,0.0,0.0
729,video_trancoder,0.0,37294080,0.0,0.0,0.0,0.0,0.0,0.0,0.0,0.0
732,systemwide,0.8999999999999999,1531142144,0.0,0.6666666666666666,0.0,8192.0,0.0,0.0,0.0,0.0
732,video_trancoder,0.0,37294080,0.0,0.0,0.0,0.0,0.0,0.0,0.0,0.0
735,systemwide,1.9,1530208256,0.0,0.0,0.0,0.0,0.0,0.0,0.0,0.0
735,video_trancoder,0.0,37294080,0.0,0.0,0.0,0.0,0.0,0.0,0.0,0.0
738,systemwide,1.2,1530028032,0.0,1.0,0.0,8192.0,0.0,0.0,0.0,0.0
738,video_trancoder,0.0,37294080,0.0,0.0,0.0,0.0,0.0,0.0,0.0,0.0
741,systemwide,0.3,1530286080,0.0,0.0,0.0,0.0,0.0,0.0,0.0,0.0
741,video_trancoder,0.0,37294080,0.0,0.0,0.0,0.0,0.0,0.0,0.0,0.0
744,systemwide,208.0,1885073408,0.0,4.0,0.0,23210.666666666668,50.333333333333336,98.33333333333333,3440.3333333333335,790655.0
744,video_trancoder,210.11333333333334,382435328,0.0,0.0,0.0,0.0,50.333333333333336,66.33333333333333,3440.3333333333335,788543.0
747,systemwide,520.9,1885302784,0.0,0.0,0.0,0.0,0.6666666666666666,0.6666666666666666,28.0,28.0
747,video_trancoder,522.9332333333333,384274432,0.0,0.0,0.0,0.0,0.6666666666666666,0.6666666666666666,28.0,28.0
750,systemwide,526.1,1884123136,0.0,0.6666666666666666,0.0,6826.666666666667,0.0,0.0,0.0,0.0
750,video_trancoder,526.6822333333333,384372736,0.0,0.0,0.0,0.0,0.0,0.0,0.0,0.0
753,systemwide,464.6,1877594112,0.0,0.0,0.0,0.0,0.0,0.0,0.0,0.0
753,video_trancoder,467.0453333333333,373178368,0.0,0.0,0.0,0.0,0.0,0.0,0.0,0.0
756,systemwide,202.1,1866641408,0.0,1.3333333333333333,0.0,13653.333333333334,114.33333333333333,210.66666666666666,144531.66666666666,812108.0
756,video_trancoder,202.3174,371273728,0.0,0.0,0.0,0.0,111.66666666666667,142.66666666666666,144355.66666666666,807620.0
759,systemwide,510.5,1905115136,0.0,0.0,0.0,0.0,0.0,0.0,0.0,0.0
759,video_trancoder,508.6437,385523712,0.0,0.0,0.0,0.0,0.0,0.0,0.0,0.0
762,systemwide,489.4,1893888000,0.0,0.6666666666666666,0.0,13653.333333333334,0.0,0.0,0.0,0.0
762,video_trancoder,491.2925333333333,385687552,0.0,0.0,0.0,0.0,0.0,0.0,0.0,0.0
765,systemwide,485.4,1566470144,0.0,0.0,0.0,0.0,2.6666666666666665,2.3333333333333335,106849.0,463.3333333333333
765,video_trancoder,485.73393333333337,35532800,0.0,0.0,0.0,0.0,2.6666666666666665,2.3333333333333335,106849.0,463.3333333333333
768,systemwide,274.5,1878163456,0.0,0.6666666666666666,0.0,5461.333333333333,104.66666666666667,141.66666666666666,6908.0,830943.6666666666
768,video_trancoder,276.35313333333335,378044416,0.0,0.0,0.0,0.0,104.66666666666667,121.0,6908.0,829579.6666666666
771,systemwide,555.3,1874132992,0.0,0.3333333333333333,0.0,4096.0,0.0,0.0,0.0,0.0
771,video_trancoder,556.3009000000001,380407808,0.0,0.0,0.0,0.0,0.0,0.0,0.0,0.0
774,systemwide,521.0,1882382336,0.0,1.0,0.0,10922.666666666666,0.0,0.0,0.0,0.0
774,video_trancoder,519.3872666666667,379703296,0.0,0.0,0.0,0.0,0.0,0.0,0.0,0.0
777,systemwide,463.5,1566085120,0.0,0.0,0.0,0.0,4.666666666666667,3.3333333333333335,165485.0,394.6666666666667
777,video_trancoder,464.7455333333333,35364864,0.0,0.0,0.0,0.0,3.3333333333333335,3.3333333333333335,165397.0,394.6666666666667
780,systemwide,1.2999999999999998,1563758592,0.0,5.0,0.0,32768.0,0.0,0.0,0.0,0.0
780,video_trancoder,0.0,34770944,0.0,0.0,0.0,0.0,0.0,0.0,0.0,0.0
783,systemwide,0.7,1555718144,0.0,0.0,0.0,0.0,0.0,0.0,0.0,0.0
783,video_trancoder,0.0,34770944,0.0,0.0,0.0,0.0,0.0,0.0,0.0,0.0
786,systemwide,0.3,1549803520,0.0,0.6666666666666666,0.0,9557.333333333334,0.0,0.0,0.0,0.0
786,video_trancoder,0.0,34373632,0.0,0.0,0.0,0.0,0.0,0.0,0.0,0.0
789,systemwide,1.2,1545748480,0.0,28.666666666666668,0.0,128341.33333333333,0.0,0.0,0.0,0.0
789,video_trancoder,0.0,34373632,0.0,0.0,0.0,0.0,0.0,0.0,0.0,0.0
792,systemwide,1.2,1540820992,0.0,0.6666666666666666,0.0,9557.333333333334,0.0,0.0,0.0,0.0
792,video_trancoder,0.0,34136064,0.0,0.0,0.0,0.0,0.0,0.0,0.0,0.0
795,systemwide,1.2,1540718592,0.0,0.0,0.0,0.0,0.0,0.0,0.0,0.0
795,video_trancoder,0.0,34136064,0.0,0.0,0.0,0.0,0.0,0.0,0.0,0.0
798,systemwide,0.8999999999999999,1540718592,0.0,0.6666666666666666,0.0,9557.333333333334,0.0,0.0,0.0,0.0
798,video_trancoder,0.0,34136064,0.0,0.0,0.0,0.0,0.0,0.0,0.0,0.0
801,systemwide,1.2999999999999998,1540718592,0.0,0.3333333333333333,0.0,2730.6666666666665,0.0,0.0,0.0,0.0
801,video_trancoder,0.0,34136064,0.0,0.0,0.0,0.0,0.0,0.0,0.0,0.0
804,systemwide,1.0,1540718592,0.0,0.6666666666666666,0.0,12288.0,0.0,0.0,0.0,0.0
804,video_trancoder,0.0,34136064,0.0,0.0,0.0,0.0,0.0,0.0,0.0,0.0
807,systemwide,0.8999999999999999,1540714496,0.0,0.0,0.0,0.0,0.0,0.0,0.0,0.0
807,video_trancoder,0.0,34136064,0.0,0.0,0.0,0.0,0.0,0.0,0.0,0.0
810,systemwide,0.8999999999999999,1540714496,0.0,1.0,0.0,10922.666666666666,0.0,0.0,0.0,0.0
810,video_trancoder,0.0,34136064,0.0,0.0,0.0,0.0,0.0,0.0,0.0,0.0
813,systemwide,0.6,1539690496,0.0,0.6666666666666666,0.0,2730.6666666666665,0.0,0.0,0.0,0.0
813,video_trancoder,0.0,34131968,0.0,0.0,0.0,0.0,0.0,0.0,0.0,0.0
816,systemwide,0.3,1538449408,0.0,4.333333333333333,0.0,27306.666666666668,0.0,0.0,0.0,0.0
816,video_trancoder,0.0,34131968,0.0,0.0,0.0,0.0,0.0,0.0,0.0,0.0
819,systemwide,292.3,1883451392,0.0,0.0,0.0,0.0,70.33333333333333,96.66666666666667,4760.333333333333,794712.3333333334
819,video_trancoder,290.90773333333334,377331712,0.0,0.0,0.0,0.0,70.33333333333333,80.33333333333333,4760.333333333333,793634.3333333334
822,systemwide,474.8,1884438528,0.0,32.333333333333336,0.0,167936.0,0.6666666666666666,0.6666666666666666,28.0,28.0
822,video_trancoder,477.4499,379088896,0.0,0.0,0.0,0.0,0.6666666666666666,0.6666666666666666,28.0,28.0
825,systemwide,509.3,1881083904,0.0,0.6666666666666666,0.0,12288.0,0.0,0.0,0.0,0.0
825,video_trancoder,513.3013333333333,367992832,0.0,0.0,0.0,0.0,0.0,0.0,0.0,0.0
828,systemwide,268.9,1901686784,0.0,0.0,0.0,0.0,87.66666666666667,177.66666666666666,156261.0,841668.3333333334
828,video_trancoder,271.65886666666665,374018048,0.0,0.0,0.0,0.0,87.66666666666667,124.33333333333333,156261.0,838148.3333333334
831,systemwide,540.2,1898909696,0.0,0.0,0.0,0.0,0.0,0.0,0.0,0.0
831,video_trancoder,542.1810333333334,373907456,0.0,0.0,0.0,0.0,0.0,0.0,0.0,0.0
834,systemwide,544.7,1906614272,0.0,1.0,0.0,10922.666666666666,0.0,0.0,0.0,0.0
834,video_trancoder,544.6237666666667,362516480,0.0,0.0,0.0,0.0,0.0,0.0,0.0,0.0
837,systemwide,298.6,1863766016,0.0,0.0,0.0,0.0,68.33333333333333,104.33333333333333,101262.66666666667,740701.6666666666
837,video_trancoder,298.3315,358178816,0.0,0.0,0.0,0.0,68.33333333333333,83.0,101262.66666666667,739293.6666666666
840,systemwide,534.5,1873543168,0.0,0.6666666666666666,0.0,13653.333333333334,0.0,0.0,0.0,0.0
840,video_trancoder,537.7251,373637120,0.0,0.0,0.0,0.0,0.0,0.0,0.0,0.0
843,systemwide,533.4,1873514496,0.0,0.0,0.0,0.0,0.0,0.0,0.0,0.0
843,video_trancoder,535.7811,374243328,0.0,0.0,0.0,0.0,0.0,0.0,0.0,0.0
846,systemwide,343.3,1564655616,0.0,1.0,0.0,5461.333333333333,31.666666666666668,59.0,151797.66666666666,178964.33333333334
846,video_trancoder,344.9051,31588352,0.0,0.0,0.0,0.0,31.666666666666668,47.666666666666664,151797.66666666666,178216.33333333334
849,systemwide,471.1,1895149568,0.0,0.6666666666666666,0.0,5461.333333333333,88.0,141.33333333333334,5808.0,678493.3333333334
849,video_trancoder,475.1064666666667,376049664,0.0,0.0,0.0,0.0,88.0,113.0,5808.0,676623.3333333334
852,systemwide,412.7,1895374848,0.0,7.0,0.0,40960.0,0.0,0.0,0.0,0.0
852,video_trancoder,414.8106666666667,376410112,0.0,0.0,0.0,0.0,0.0,0.0,0.0,0.0
855,systemwide,501.3,1890844672,0.0,0.0,0.0,0.0,0.0,0.0,0.0,0.0
855,video_trancoder,502.73243333333335,364572672,0.0,0.0,0.0,0.0,0.0,0.0,0.0,0.0
858,systemwide,93.0,1582276608,0.0,0.6666666666666666,0.0,5461.333333333333,2.6666666666666665,2.3333333333333335,129476.0,328.6666666666667
858,video_trancoder,92.18386666666667,31502336,0.0,0.0,0.0,0.0,2.6666666666666665,2.3333333333333335,129476.0,328.6666666666667
861,systemwide,0.8999999999999999,1565962240,0.0,0.0,0.0,0.0,0.0,0.0,0.0,0.0
861,video_trancoder,0.0,31498240,0.0,0.0,0.0,0.0,0.0,0.0,0.0,0.0
864,systemwide,0.3,1555308544,0.0,1.3333333333333333,0.0,13653.333333333334,0.0,0.0,0.0,0.0
864,video_trancoder,0.0,31494144,0.0,0.0,0.0,0.0,0.0,0.0,0.0,0.0
867,systemwide,0.8999999999999999,1550413824,0.0,11.666666666666666,0.0,60074.666666666664,0.0,0.0,0.0,0.0
867,video_trancoder,0.0,31277056,0.0,0.0,0.0,0.0,0.0,0.0,0.0,0.0
870,systemwide,1.2,1546010624,0.0,0.0,0.0,0.0,0.0,0.0,0.0,0.0
870,video_trancoder,0.0,31068160,0.0,0.0,0.0,0.0,0.0,0.0,0.0,0.0
873,systemwide,0.0,1541505024,0.0,0.0,0.0,0.0,0.0,0.0,0.0,0.0
873,video_trancoder,0.0,31068160,0.0,0.0,0.0,0.0,0.0,0.0,0.0,0.0
876,systemwide,1.5,1538797568,0.0,0.6666666666666666,0.0,4096.0,0.0,0.0,0.0,0.0
876,video_trancoder,0.0,30834688,0.0,0.0,0.0,0.0,0.0,0.0,0.0,0.0
879,systemwide,4.3,1546711040,0.0,0.0,0.0,0.0,0.0,0.0,0.0,0.0
879,video_trancoder,0.0,30277632,0.0,0.0,0.0,0.0,0.0,0.0,0.0,0.0
882,systemwide,0.8999999999999999,1544257536,0.0,0.6666666666666666,0.0,9557.333333333334,0.0,0.0,0.0,0.0
882,video_trancoder,0.0,30277632,0.0,0.0,0.0,0.0,0.0,0.0,0.0,0.0
885,systemwide,278.9,1904427008,0.0,0.0,0.0,0.0,77.0,119.33333333333333,5200.333333333333,793775.0
885,video_trancoder,279.86133333333333,372707328,0.0,0.0,0.0,0.0,77.0,90.0,5200.333333333333,791839.0
888,systemwide,477.3,1898348544,0.0,4.666666666666667,0.0,23210.666666666668,0.6666666666666666,0.6666666666666666,28.0,28.0
888,video_trancoder,479.1523333333334,374550528,0.0,0.0,0.0,0.0,0.6666666666666666,0.6666666666666666,28.0,28.0
891,systemwide,531.6,1893404672,0.0,0.0,0.0,0.0,0.0,0.0,0.0,0.0
891,video_trancoder,532.2469333333333,374927360,0.0,0.0,0.0,0.0,0.0,0.0,0.0,0.0
894,systemwide,444.4,1571762176,0.0,16.0,0.0,80554.66666666667,11.0,9.666666666666666,162341.66666666666,26271.666666666668
894,video_trancoder,441.9237,30871552,0.0,0.0,0.0,0.0,8.333333333333334,8.666666666666666,162165.66666666666,26205.666666666668
897,systemwide,424.6,1869225984,0.0,1.0,0.0,9557.333333333334,87.66666666666667,132.66666666666666,5786.0,713212.0
897,video_trancoder,426.3986333333333,375660544,0.0,0.0,0.0,0.0,87.66666666666667,106.33333333333333,5786.0,711474.0
900,systemwide,514.2,1869713408,0.0,0.3333333333333333,0.0,4096.0,0.0,0.0,0.0,0.0
900,video_trancoder,516.6478333333333,377053184,0.0,0.0,0.0,0.0,0.0,0.0,0.0,0.0
903,systemwide,522.9,1863589888,0.0,0.6666666666666666,0.0,12288.0,0.0,0.0,0.0,0.0
903,video_trancoder,525.8168666666667,366321664,0.0,0.0,0.0,0.0,0.0,0.0,0.0,0.0
906,systemwide,300.8,1883578368,0.0,0.0,0.0,0.0,101.66666666666667,224.33333333333334,116900.33333333333,817248.3333333334
906,video_trancoder,301.9287,381169664,0.0,0.0,0.0,0.0,101.66666666666667,141.33333333333334,116900.33333333333,811770.3333333334
909,systemwide,604.5,1885609984,0.0,12.0,0.0,53248.0,0.0,0.0,0.0,0.0
909,video_trancoder,605.1785666666666,383049728,0.0,0.0,0.0,0.0,0.0,0.0,0.0,0.0
912,systemwide,609.2,1885442048,0.0,0.0,0.0,0.0,0.0,0.0,0.0,0.0
912,video_trancoder,610.2858666666667,381784064,0.0,0.0,0.0,0.0,0.0,0.0,0.0,0.0
915,systemwide,593.1,1881186304,0.0,0.6666666666666666,0.0,4096.0,0.0,0.0,0.0,0.0
915,video_trancoder,593.8643000000001,370630656,0.0,0.0,0.0,0.0,0.0,0.0,0.0,0.0
918,systemwide,266.1,1571639296,0.0,0.0,0.0,0.0,37.666666666666664,68.0,174430.0,230835.0
918,video_trancoder,266.27863333333335,36618240,0.0,0.0,0.0,0.0,35.0,46.0,174254.0,229383.0
921,systemwide,471.09999999999997,1878683648,0.0,0.6666666666666666,0.0,5461.333333333333,26.666666666666668,52.666666666666664,1760.0,542948.0
921,video_trancoder,472.17636666666664,378728448,0.0,0.0,0.0,0.0,26.666666666666668,33.0,1760.0,541650.0
924,systemwide,547.7,1878913024,0.0,2.6666666666666665,0.0,10922.666666666666,0.3333333333333333,0.3333333333333333,14.0,14.0
924,video_trancoder,548.8931333333334,380588032,0.0,0.0,0.0,0.0,0.3333333333333333,0.3333333333333333,14.0,14.0
927,systemwide,540.6,1879166976,0.0,1.0,0.0,12288.0,0.0,0.0,0.0,0.0
927,video_trancoder,540.8418,380600320,0.0,0.0,0.0,0.0,0.0,0.0,0.0,0.0
930,systemwide,520.7,1878196224,0.0,0.3333333333333333,0.0,4096.0,0.0,0.0,0.0,0.0
930,video_trancoder,522.677,369639424,0.0,0.0,0.0,0.0,0.0,0.0,0.0,0.0
933,systemwide,263.6,1872252928,0.0,0.6666666666666666,0.0,9557.333333333334,91.0,185.0,147205.66666666666,793849.6666666666
933,video_trancoder,266.7971,373592064,0.0,0.0,0.0,0.0,89.66666666666667,118.33333333333333,147117.66666666666,789449.6666666666
936,systemwide,458.90000000000003,1869623296,0.0,0.0,0.0,0.0,0.0,0.0,0.0,0.0
936,video_trancoder,461.2345666666667,374132736,0.0,0.0,0.0,0.0,0.0,0.0,0.0,0.0
939,systemwide,433.7,1609007104,0.0,0.6666666666666666,0.0,10922.666666666666,1.6666666666666667,1.3333333333333333,64715.666666666664,262.6666666666667
939,video_trancoder,433.2210333333333,29499392,0.0,0.0,0.0,0.0,1.6666666666666667,1.3333333333333333,64715.666666666664,262.6666666666667
942,systemwide,0.6,1575542784,0.0,0.0,0.0,0.0,0.0,0.0,0.0,0.0
942,video_trancoder,0.0,29270016,0.0,0.0,0.0,0.0,0.0,0.0,0.0,0.0
945,systemwide,0.6,1561800704,0.0,0.6666666666666666,0.0,5461.333333333333,0.3333333333333333,0.3333333333333333,14.0,14.0
945,video_trancoder,0.0,29270016,0.0,0.0,0.0,0.0,0.3333333333333333,0.3333333333333333,14.0,14.0
948,systemwide,1.5,1550532608,0.0,0.0,0.0,0.0,0.0,0.0,0.0,0.0
948,video_trancoder,0.0,29237248,0.0,0.0,0.0,0.0,0.0,0.0,0.0,0.0
951,systemwide,1.2,1541238784,0.0,0.6666666666666666,0.0,4096.0,0.0,0.0,0.0,0.0
951,video_trancoder,0.0,29237248,0.0,0.0,0.0,0.0,0.0,0.0,0.0,0.0
954,systemwide,0.3,1534935040,0.0,0.0,0.0,0.0,0.0,0.0,0.0,0.0
954,video_trancoder,0.0,29237248,0.0,0.0,0.0,0.0,0.0,0.0,0.0,0.0
957,systemwide,3.6,1529118720,0.0,4.333333333333333,0.0,20480.0,0.0,0.0,0.0,0.0
957,video_trancoder,0.0,27971584,0.0,0.0,0.0,0.0,0.0,0.0,0.0,0.0
960,systemwide,1.0,1529348096,0.0,0.0,0.0,0.0,0.0,0.0,0.0,0.0
960,video_trancoder,0.0,27971584,0.0,0.0,0.0,0.0,0.0,0.0,0.0,0.0
963,systemwide,0.3,1529344000,0.0,1.3333333333333333,0.0,17749.333333333332,0.0,0.0,0.0,0.0
963,video_trancoder,0.0,27971584,0.0,0.0,0.0,0.0,0.0,0.0,0.0,0.0
966,systemwide,1.2999999999999998,1529344000,0.0,0.0,0.0,0.0,0.0,0.0,0.0,0.0
966,video_trancoder,0.0,27971584,0.0,0.0,0.0,0.0,0.0,0.0,0.0,0.0
969,systemwide,109.2,1870454784,0.0,22.0,0.0,110592.0,111.33333333333333,182.0,7466.333333333333,954381.3333333334
969,video_trancoder,108.67856666666667,371793920,0.0,0.0,0.0,0.0,111.33333333333333,145.33333333333334,7466.333333333333,951961.3333333334
972,systemwide,556.3000000000001,1880260608,0.0,0.6666666666666666,0.0,10922.666666666666,0.0,0.0,0.0,0.0
972,video_trancoder,556.5816,374628352,0.0,0.0,0.0,0.0,0.0,0.0,0.0,0.0
975,systemwide,519.9,1876930560,0.0,0.0,0.0,0.0,0.3333333333333333,0.3333333333333333,14.0,14.0
975,video_trancoder,522.001,375013376,0.0,0.0,0.0,0.0,0.3333333333333333,0.3333333333333333,14.0,14.0
978,systemwide,538.8,1871265792,0.0,0.6666666666666666,0.0,4096.0,0.0,0.0,0.0,0.0
978,video_trancoder,540.0640333333333,364011520,0.0,0.0,0.0,0.0,0.0,0.0,0.0,0.0
981,systemwide,329.5,1850851328,0.0,0.0,0.0,0.0,85.33333333333333,161.66666666666666,142226.33333333334,799635.6666666666
981,video_trancoder,331.49876666666665,346546176,0.0,0.0,0.0,0.0,84.0,111.0,142138.33333333334,796291.6666666666
984,systemwide,583.8,1874497536,0.0,0.6666666666666666,0.0,5461.333333333333,0.0,0.0,0.0,0.0
984,video_trancoder,583.2145333333334,371277824,0.0,0.0,0.0,0.0,0.0,0.0,0.0,0.0
987,systemwide,583.2,1873838080,0.0,0.0,0.0,0.0,0.0,0.0,0.0,0.0
987,video_trancoder,584.7728666666667,372137984,0.0,0.0,0.0,0.0,0.0,0.0,0.0,0.0
990,systemwide,555.1999999999999,1871912960,0.0,0.6666666666666666,0.0,4096.0,0.0,0.0,0.0,0.0
990,video_trancoder,556.8891333333333,372068352,0.0,0.0,0.0,0.0,0.0,0.0,0.0,0.0
993,systemwide,427.9,1548943360,0.0,3.6666666666666665,0.0,17749.333333333332,6.0,3.6666666666666665,173067.66666666666,5940.0
993,video_trancoder,429.9229,28692480,0.0,0.0,0.0,0.0,4.666666666666667,3.6666666666666665,172979.66666666666,5940.0
996,systemwide,367.8,1876647936,0.0,0.6666666666666666,0.0,9557.333333333334,88.66666666666667,148.66666666666666,5852.0,804040.6666666666
996,video_trancoder,370.03389999999996,371302400,0.0,0.0,0.0,0.0,88.66666666666667,116.0,5852.0,801884.6666666666
999,systemwide,524.8,1876807680,0.0,0.3333333333333333,0.0,2730.6666666666665,0.3333333333333333,0.3333333333333333,14.0,14.0
999,video_trancoder,523.0766,371093504,0.0,0.0,0.0,0.0,0.3333333333333333,0.3333333333333333,14.0,14.0
1002,systemwide,546.6,1877032960,0.0,0.6666666666666666,0.0,15018.666666666666,0.0,0.0,0.0,0.0
1002,video_trancoder,547.991,370827264,0.0,0.0,0.0,0.0,0.0,0.0,0.0,0.0
1005,systemwide,545.5,1865994240,0.0,0.0,0.0,0.0,0.0,0.0,0.0,0.0
1005,video_trancoder,547.8417000000001,359780352,0.0,0.0,0.0,0.0,0.0,0.0,0.0,0.0
1008,systemwide,199.79999999999998,1555046400,0.0,0.6666666666666666,0.0,5461.333333333333,6.333333333333333,3.3333333333333335,182701.33333333334,394.6666666666667
1008,video_trancoder,199.89606666666668,27701248,0.0,0.0,0.0,0.0,3.6666666666666665,3.3333333333333335,182525.33333333334,394.6666666666667
1011,systemwide,0.8999999999999999,1547567104,0.0,0.0,0.0,0.0,0.0,0.0,0.0,0.0
1011,video_trancoder,0.0,27496448,0.0,0.0,0.0,0.0,0.0,0.0,0.0,0.0
1014,systemwide,1.5,1540841472,0.0,0.6666666666666666,0.0,4096.0,0.3333333333333333,0.3333333333333333,14.0,14.0
1014,video_trancoder,0.0,27496448,0.0,0.0,0.0,0.0,0.3333333333333333,0.3333333333333333,14.0,14.0
1017,systemwide,2.1,1538752512,0.0,0.0,0.0,0.0,0.0,0.0,0.0,0.0
1017,video_trancoder,0.0,26890240,0.0,0.0,0.0,0.0,0.0,0.0,0.0,0.0
1020,systemwide,21.599999999999998,1529323520,0.0,2.0,0.0,17749.333333333332,0.0,0.0,0.0,0.0
1020,video_trancoder,0.0,26562560,0.0,0.0,0.0,0.0,0.0,0.0,0.0,0.0
1023,systemwide,1.7999999999999998,1527717888,0.0,0.0,0.0,0.0,0.0,0.0,0.0,0.0
1023,video_trancoder,0.0,26562560,0.0,0.0,0.0,0.0,0.0,0.0,0.0,0.0
1026,systemwide,0.6,1524334592,0.0,1.0,0.0,24576.0,0.0,0.0,0.0,0.0
1026,video_trancoder,0.0,26562560,0.0,0.0,0.0,0.0,0.0,0.0,0.0,0.0
1029,systemwide,1.2,1521926144,0.0,39.333333333333336,0.0,180224.0,38.333333333333336,47.0,2648.3333333333335,258979.33333333334
1029,video_trancoder,0.28276666666666667,27029504,0.0,0.0,0.0,0.0,38.333333333333336,41.666666666666664,2648.3333333333335,258627.33333333334
1032,systemwide,476.2,1867706368,0.0,0.6666666666666666,0.0,13653.333333333334,50.0,91.0,3300.0,457998.0
1032,video_trancoder,477.88613333333336,374497280,0.0,0.0,0.0,0.0,50.0,62.0,3300.0,456084.0
1035,systemwide,535.6,1868681216,0.0,0.0,0.0,0.0,0.0,0.0,0.0,0.0
1035,video_trancoder,536.7755666666667,376225792,0.0,0.0,0.0,0.0,0.0,0.0,0.0,0.0
1038,systemwide,632.5,1865367552,0.0,1.0,0.0,5461.333333333333,0.0,0.0,0.0,0.0
1038,video_trancoder,633.757,375742464,0.0,0.0,0.0,0.0,0.0,0.0,0.0,0.0
1041,systemwide,637.9,1859657728,0.0,0.0,0.0,0.0,0.0,0.0,0.0,0.0
1041,video_trancoder,638.4674666666666,364765184,0.0,0.0,0.0,0.0,0.0,0.0,0.0,0.0
1044,systemwide,385.6,1846530048,0.0,0.6666666666666666,0.0,5461.333333333333,27.666666666666668,48.666666666666664,207420.66666666666,137285.0
1044,video_trancoder,386.11539999999997,373440512,0.0,0.0,0.0,0.0,25.0,32.666666666666664,207244.66666666666,136229.0
1047,systemwide,111.4,1559068672,0.0,0.0,0.0,0.0,1.6666666666666667,1.3333333333333333,58586.0,254.66666666666666
1047,video_trancoder,113.09303333333334,31789056,0.0,0.0,0.0,0.0,1.6666666666666667,1.3333333333333333,58586.0,254.66666666666666
1050,systemwide,1.2,1550712832,0.0,1.3333333333333333,0.0,16384.0,0.0,0.0,0.0,0.0
1050,video_trancoder,0.0,31707136,0.0,0.0,0.0,0.0,0.0,0.0,0.0,0.0
1053,systemwide,0.6,1543184384,0.0,0.0,0.0,0.0,0.3333333333333333,0.3333333333333333,14.0,14.0
1053,video_trancoder,0.0,31449088,0.0,0.0,0.0,0.0,0.3333333333333333,0.3333333333333333,14.0,14.0
1056,systemwide,1.2,1529929728,0.0,14.333333333333334,0.0,106496.0,0.0,0.0,0.0,0.0
1056,video_trancoder,0.0,31035392,0.0,0.0,0.0,0.0,0.0,0.0,0.0,0.0
1059,systemwide,5.2,1549246464,0.0,0.3333333333333333,0.0,4096.0,2.0,4.333333333333333,132.0,295.3333333333333
1059,video_trancoder,0.044333333333333336,29937664,0.0,0.0,0.0,0.0,2.0,4.333333333333333,132.0,295.3333333333333
1062,systemwide,0.3,1538490368,0.0,5.666666666666667,0.0,34133.333333333336,0.0,0.0,0.0,0.0
1062,video_trancoder,0.0,29925376,0.0,0.0,0.0,0.0,0.0,0.0,0.0,0.0
1065,systemwide,1.2,1530818560,0.0,0.0,0.0,0.0,0.0,0.0,0.0,0.0
1065,video_trancoder,0.0,29921280,0.0,0.0,0.0,0.0,0.0,0.0,0.0,0.0
1068,systemwide,0.3,1529458688,0.0,0.6666666666666666,0.0,4096.0,0.0,0.0,0.0,0.0
1068,video_trancoder,0.0,29917184,0.0,0.0,0.0,0.0,0.0,0.0,0.0,0.0
1071,systemwide,0.3,1527623680,0.0,0.0,0.0,0.0,0.0,0.0,0.0,0.0
1071,video_trancoder,0.0,29917184,0.0,0.0,0.0,0.0,0.0,0.0,0.0,0.0
1074,systemwide,1.5999999999999999,1526476800,0.0,1.0,0.0,6826.666666666667,0.0,0.0,0.0,0.0
1074,video_trancoder,0.0,29851648,0.0,0.0,0.0,0.0,0.0,0.0,0.0,0.0
1077,systemwide,6.6,1527775232,0.0,0.3333333333333333,0.0,4096.0,0.0,0.0,0.0,0.0
1077,video_trancoder,0.0,28815360,0.0,0.0,0.0,0.0,0.0,0.0,0.0,0.0
